,n_counts,n_genes,pct_counts_mito,cell_type
cell_00000,20898,1086,8.722939904852712,T cells
cell_00001,8729,906,9.306950768858737,T cells
cell_00002,17767,1044,11.023782211701691,T cells
cell_00003,18052,1065,9.582955909734293,T cells
cell_00004,10726,936,11.429164277795856,T cells
cell_00005,19136,1082,12.730944331275019,T cells
cell_00006,9139,934,9.67418054161623,T cells
cell_00007,17353,1041,7.155083405161671,T cells
cell_00008,9270,923,9.892416239287002,T cells
cell_00009,11985,974,12.863217517345102,T cells
cell_00010,11198,966,7.338265686254886,T cells
cell_00011,14683,1026,10.092391041389515,T cells
cell_00012,11300,967,27.410224888159508,T cells
cell_00013,12192,965,50.63127519219604,T cells
cell_00014,18396,1077,9.199810004912901,T cells
cell_00015,10352,956,8.460247314752356,T cells
cell_00016,10099,964,7.246722591154682,T cells
cell_00017,15320,1019,7.099996489196378,T cells
cell_00018,9893,922,9.9409360321554,T cells
cell_00019,16047,1040,9.83133228261422,T cells
cell_00020,15978,1025,9.817187214663004,T cells
cell_00021,13349,1015,7.374509828541225,T cells
cell_00022,13491,1020,11.283674176863029,T cells
cell_00023,13607,1003,6.588816912362722,T cells
cell_00024,20140,1070,10.523570051519119,T cells
cell_00025,9047,921,9.418768906596506,T cells
cell_00026,11011,976,6.151566123332524,T cells
cell_00027,10943,959,10.968570787208156,T cells
cell_00028,18466,1070,8.843206797910755,T cells
cell_00029,15559,1050,14.851116206220528,T cells
cell_00030,12857,997,8.439813708095212,T cells
cell_00031,11400,978,13.741164612431744,T cells
cell_00032,18293,1077,7.381931677584201,T cells
cell_00033,9923,926,35.54431314996861,T cells
cell_00034,12293,1016,13.144459249941425,T cells
cell_00035,16205,1056,5.275955798977333,T cells
cell_00036,9037,916,6.569608412219129,T cells
cell_00037,10553,982,11.261424495935678,T cells
cell_00038,10233,966,8.682710619327924,T cells
cell_00039,17058,1036,9.088020310251071,T cells
cell_00040,16874,1024,12.746853387561396,T cells
cell_00041,20132,1058,11.516338673122988,T cells
cell_00042,11389,980,8.008142758728116,T cells
cell_00043,15316,1040,5.192021083429894,T cells
cell_00044,9371,952,27.88365363223233,T cells
cell_00045,12794,993,7.549139725115774,T cells
cell_00046,18147,1076,11.668998163112688,T cells
cell_00047,10509,941,13.909274331543934,T cells
cell_00048,9649,911,6.026720064974326,T cells
cell_00049,11620,979,8.53568514191592,T cells
cell_00050,10114,953,12.788767141878402,T cells
cell_00051,15957,1016,42.89169930940435,T cells
cell_00052,11919,977,38.43416430780925,T cells
cell_00053,16292,1037,10.670100100589375,T cells
cell_00054,15100,1055,38.64550433553536,T cells
cell_00055,14068,1005,8.237453727314062,T cells
cell_00056,20750,1096,6.639771455608695,T cells
cell_00057,11743,964,8.887481157945738,T cells
cell_00058,12260,985,10.881867055242358,T cells
cell_00059,9406,924,5.419974615187567,T cells
cell_00060,10281,948,16.048324651223837,T cells
cell_00061,17354,1040,4.40684579134235,T cells
cell_00062,16242,1052,4.824428396239943,T cells
cell_00063,9461,943,34.695335387640604,T cells
cell_00064,17476,1034,7.8939532784934725,T cells
cell_00065,19310,1083,8.977531459437884,T cells
cell_00066,11321,964,8.905292547994428,T cells
cell_00067,15252,1047,9.276893425113867,T cells
cell_00068,18648,1091,45.885723549903545,T cells
cell_00069,16388,1036,14.25983676937659,T cells
cell_00070,12678,1000,8.13049337873757,T cells
cell_00071,14318,1017,8.89174419275471,T cells
cell_00072,17190,1051,6.315184146751728,T cells
cell_00073,11851,1006,28.983069938261618,T cells
cell_00074,17273,1061,13.013999208271127,T cells
cell_00075,17150,1066,12.778439174802934,T cells
cell_00076,14917,1049,11.792542341913721,T cells
cell_00077,16542,1043,9.289994916860103,T cells
cell_00078,11301,998,8.813892338231364,T cells
cell_00079,19594,1077,11.885930349229314,T cells
cell_00080,18771,1066,7.947501409185438,T cells
cell_00081,14011,995,10.777660977213674,T cells
cell_00082,8519,908,9.745278026755969,T cells
cell_00083,19897,1090,9.543643827829412,T cells
cell_00084,11645,970,12.267519805404275,T cells
cell_00085,16459,1024,6.0830110296204225,T cells
cell_00086,11800,995,10.006908299260822,T cells
cell_00087,20934,1066,13.796695697862098,T cells
cell_00088,10189,948,27.606782197268554,T cells
cell_00089,16926,1029,9.850654050556654,T cells
cell_00090,10216,959,30.2249011165721,T cells
cell_00091,15176,1027,8.164352290866706,T cells
cell_00092,16408,1052,5.5537517165881525,T cells
cell_00093,16671,1020,6.372150962782655,T cells
cell_00094,11438,978,10.911997079653252,T cells
cell_00095,17747,1062,18.653902807161124,T cells
cell_00096,16325,1037,6.646827179724984,T cells
cell_00097,12673,1006,58.599478032159084,T cells
cell_00098,20348,1094,10.168071054266195,T cells
cell_00099,13825,997,9.887676783159753,T cells
cell_00100,20182,1079,10.610522267320075,T cells
cell_00101,20315,1074,10.0282572883257,T cells
cell_00102,13663,1002,7.438419128525703,T cells
cell_00103,13907,1028,9.014525080555478,T cells
cell_00104,13346,1004,10.501905518240319,T cells
cell_00105,17844,1061,13.642002642100831,T cells
cell_00106,15620,1043,8.628458415256288,T cells
cell_00107,17743,1044,40.694850666345125,T cells
cell_00108,10617,956,13.456126873036677,T cells
cell_00109,16072,1026,6.802138180827816,T cells
cell_00110,11375,965,39.115677536073605,T cells
cell_00111,18080,1071,7.695290352650636,T cells
cell_00112,13918,1016,10.370511386448056,T cells
cell_00113,15351,1054,9.941925564544121,T cells
cell_00114,11701,986,6.702449668963369,T cells
cell_00115,15059,1061,7.862406318063087,T cells
cell_00116,9639,909,9.342896107531008,T cells
cell_00117,19695,1098,6.5986522199162305,T cells
cell_00118,12709,972,7.122874473869503,T cells
cell_00119,18647,1056,10.243119402284435,T cells
cell_00120,11182,972,9.027297709324714,T cells
cell_00121,18916,1073,8.703893017199812,T cells
cell_00122,20145,1067,9.274633555200076,T cells
cell_00123,10124,917,8.209780268589725,T cells
cell_00124,9207,934,8.986985544070057,T cells
cell_00125,13890,1026,51.89597530088129,T cells
cell_00126,16538,1037,6.990320867010269,T cells
cell_00127,12970,1023,13.639124459614077,T cells
cell_00128,9552,947,65.53929323287953,T cells
cell_00129,20207,1077,5.637206749779594,T cells
cell_00130,14293,1036,9.921567842287939,T cells
cell_00131,11901,981,12.892503273430037,T cells
cell_00132,17947,1064,10.147289089569473,T cells
cell_00133,9506,923,12.118792709616995,T cells
cell_00134,12785,986,8.70587138333895,T cells
cell_00135,13880,1022,6.113547778748956,T cells
cell_00136,11787,955,5.41498941649418,T cells
cell_00137,17422,1072,9.943448343172566,T cells
cell_00138,14786,1031,8.553698970705028,T cells
cell_00139,19223,1060,9.488426099682162,T cells
cell_00140,10664,980,26.417835211051404,T cells
cell_00141,19083,1065,6.746808185570122,T cells
cell_00142,14346,1014,8.744610019731821,T cells
cell_00143,16122,1061,11.442134818336193,T cells
cell_00144,18775,1082,12.8721577976105,T cells
cell_00145,11244,952,9.343754571675774,T cells
cell_00146,18430,1073,12.703012689700339,T cells
cell_00147,12038,976,7.4971464671839545,T cells
cell_00148,9564,928,30.988224542402964,T cells
cell_00149,16645,1058,5.145021182491253,T cells
cell_00150,11563,963,52.95249463167321,T cells
cell_00151,20932,1085,7.5147027051327555,T cells
cell_00152,18736,1045,40.96092967003733,T cells
cell_00153,13654,1003,6.779874914511192,T cells
cell_00154,19032,1082,6.309091401064565,T cells
cell_00155,12160,990,6.651286009803408,T cells
cell_00156,17142,1034,11.740483958528399,T cells
cell_00157,10870,973,23.36361726698846,T cells
cell_00158,18460,1084,10.76146206118839,T cells
cell_00159,11721,994,5.504944972818127,T cells
cell_00160,17914,1044,8.419085951744677,T cells
cell_00161,11596,970,7.853356371283027,T cells
cell_00162,10750,943,68.50698733236342,T cells
cell_00163,18590,1064,7.508937380562408,T cells
cell_00164,20257,1083,6.099525201698243,T cells
cell_00165,18057,1068,10.894742297384168,T cells
cell_00166,15912,1053,11.861004448752603,T cells
cell_00167,9230,927,15.240431177216301,T cells
cell_00168,11993,987,7.040708398050155,T cells
cell_00169,16632,1045,6.003512991032115,T cells
cell_00170,9606,947,12.10820282836754,T cells
cell_00171,16939,1049,8.036802179912051,T cells
cell_00172,13297,995,8.824338780624334,T cells
cell_00173,12784,1003,12.81847553020119,T cells
cell_00174,18511,1078,11.67022982276672,T cells
cell_00175,14797,1031,8.505897205380586,T cells
cell_00176,16596,1055,10.468394499043832,T cells
cell_00177,11714,989,6.013368455989123,T cells
cell_00178,14644,1015,5.868526995587859,T cells
cell_00179,14348,1005,7.166005448837224,T cells
cell_00180,9165,924,10.511401858795367,T cells
cell_00181,12549,981,10.896439818375953,T cells
cell_00182,15613,1032,44.19382751486935,T cells
cell_00183,10816,974,5.094716795999579,T cells
cell_00184,12475,975,11.521232070918941,T cells
cell_00185,15182,1029,9.296307180484273,T cells
cell_00186,13280,1019,8.632325461063703,T cells
cell_00187,16673,1045,5.020872024410146,T cells
cell_00188,10354,974,6.628806885483607,T cells
cell_00189,13890,1024,14.06979711311879,T cells
cell_00190,17935,1075,10.54612743817477,T cells
cell_00191,12867,1005,15.105465368626314,T cells
cell_00192,10652,976,34.94535562022992,T cells
cell_00193,14158,1002,10.266995173868066,T cells
cell_00194,8762,917,11.218730360582029,T cells
cell_00195,9152,953,40.51191044092113,T cells
cell_00196,17246,1052,37.821008582933885,T cells
cell_00197,15734,1043,9.191854952699588,T cells
cell_00198,9470,917,13.370640210977298,T cells
cell_00199,12068,990,10.753145276811562,T cells
cell_00200,11029,984,25.768274755025146,T cells
cell_00201,11248,976,4.8051087887432535,T cells
cell_00202,17161,1052,12.99480840733305,T cells
cell_00203,14645,1019,8.197171017389298,T cells
cell_00204,16242,1029,9.092944768504477,T cells
cell_00205,13728,1016,8.195869426155115,T cells
cell_00206,17042,1040,8.00621161219892,T cells
cell_00207,16835,1052,10.36183036280353,T cells
cell_00208,9340,914,26.032508791619215,T cells
cell_00209,10280,942,7.645903843788523,T cells
cell_00210,9928,947,11.81463995079069,T cells
cell_00211,12943,1017,7.628784287316201,T cells
cell_00212,15206,1039,43.639548812794395,T cells
cell_00213,19020,1089,13.054859284981188,T cells
cell_00214,12104,993,17.837065315646957,T cells
cell_00215,18057,1065,7.173405193095955,T cells
cell_00216,16533,1050,9.185842977212882,T cells
cell_00217,17807,1063,6.852763043672177,T cells
cell_00218,10716,962,9.139879825486014,T cells
cell_00219,12414,967,7.340673230301784,T cells
cell_00220,17856,1087,14.323103460407754,T cells
cell_00221,15319,1038,9.088073335770074,T cells
cell_00222,9297,916,11.308676972395055,T cells
cell_00223,10852,962,5.644005085392332,T cells
cell_00224,17899,1055,4.6989777596218,T cells
cell_00225,16499,1033,8.413264681537301,T cells
cell_00226,15780,1031,6.9603526880033115,T cells
cell_00227,13834,1002,10.138891003151732,T cells
cell_00228,10256,951,7.809439115989636,T cells
cell_00229,13065,1012,43.753123957329635,T cells
cell_00230,16483,1056,8.982661816286305,T cells
cell_00231,11981,1010,10.419322160983548,T cells
cell_00232,20242,1083,8.094035727957682,T cells
cell_00233,15456,1009,8.80736090977636,T cells
cell_00234,10701,953,23.494892312283554,T cells
cell_00235,18061,1070,11.33600377579442,T cells
cell_00236,14086,1035,5.748047704100752,T cells
cell_00237,12972,993,48.052640975743785,T cells
cell_00238,17967,1063,9.211839115113037,T cells
cell_00239,17579,1087,12.964321487788737,T cells
cell_00240,9070,941,71.97713173186344,T cells
cell_00241,11470,985,64.04878943563924,T cells
cell_00242,17596,1068,14.846663996370879,T cells
cell_00243,10971,980,9.24229382606537,T cells
cell_00244,13671,1004,11.71112108051587,T cells
cell_00245,16471,1033,11.101522920205124,T cells
cell_00246,9959,957,14.357189723741708,T cells
cell_00247,20769,1064,9.76700373065812,T cells
cell_00248,10343,944,12.286998563835597,T cells
cell_00249,11738,1002,7.325303607561306,T cells
cell_00250,14525,1013,13.57986925547092,T cells
cell_00251,11557,962,10.646219905775476,T cells
cell_00252,19643,1083,9.410282125139037,T cells
cell_00253,11476,990,8.163449555476038,T cells
cell_00254,15547,1045,13.025542814554472,T cells
cell_00255,11882,965,9.20443612203818,T cells
cell_00256,10844,980,9.576823288198048,T cells
cell_00257,16527,1040,9.231049211221373,T cells
cell_00258,12911,981,4.748014216204324,T cells
cell_00259,9375,918,12.772709065799399,T cells
cell_00260,9247,945,6.789375260077557,T cells
cell_00261,10229,954,12.613745146051064,T cells
cell_00262,16946,1033,11.966138919637226,T cells
cell_00263,9138,940,36.41276725756718,T cells
cell_00264,13055,967,6.196421649205634,T cells
cell_00265,19659,1068,5.919281227526003,T cells
cell_00266,10500,947,27.852304191754822,T cells
cell_00267,14099,1020,8.738113012210254,T cells
cell_00268,16915,1034,5.55535525558782,T cells
cell_00269,12208,997,8.812787407527306,T cells
cell_00270,15399,1028,5.876953568316782,T cells
cell_00271,15655,1041,7.373156272272905,T cells
cell_00272,14763,1027,9.863109572495484,T cells
cell_00273,10329,949,5.54008299151114,T cells
cell_00274,9824,957,6.828251700299487,T cells
cell_00275,9928,953,7.554834708029154,T cells
cell_00276,13086,965,8.554948919363792,T cells
cell_00277,13464,1020,9.717790298953833,T cells
cell_00278,17985,1034,12.03082114719828,T cells
cell_00279,18886,1047,11.477437999873558,T cells
cell_00280,14540,1023,8.317371658718892,T cells
cell_00281,12364,991,9.490511144261923,T cells
cell_00282,15509,1004,9.309404610766729,T cells
cell_00283,21152,1091,8.468600847543485,T cells
cell_00284,10263,928,4.999936447845253,T cells
cell_00285,16067,1024,10.401296510836765,T cells
cell_00286,15728,1023,9.061750073479299,T cells
cell_00287,13880,1043,4.818137117235163,T cells
cell_00288,10036,956,27.627568842729023,T cells
cell_00289,16169,1048,10.063097249640615,T cells
cell_00290,16896,1047,7.567254253223828,T cells
cell_00291,20561,1086,57.86065389081585,T cells
cell_00292,12386,993,10.349745906033023,T cells
cell_00293,12254,997,5.6543785500705255,T cells
cell_00294,14761,1033,11.100119649380717,T cells
cell_00295,8545,904,8.696357967977827,T cells
cell_00296,15241,1030,8.784118779742101,T cells
cell_00297,13245,996,10.118180937971989,T cells
cell_00298,19096,1079,46.53894146406388,T cells
cell_00299,18698,1052,7.511059248279403,T cells
cell_00300,18774,1062,8.293549259197382,B cells
cell_00301,14876,1020,8.113764352159993,B cells
cell_00302,19820,1063,7.974736604258995,B cells
cell_00303,11008,965,37.688582521873485,B cells
cell_00304,14238,1008,10.437374558753424,B cells
cell_00305,10412,953,9.140648744229699,B cells
cell_00306,12755,1013,4.170822586393291,B cells
cell_00307,20732,1096,10.910627115291218,B cells
cell_00308,18494,1054,11.174726349223386,B cells
cell_00309,12865,1006,12.278701970482848,B cells
cell_00310,12731,968,10.375524225084835,B cells
cell_00311,14132,999,8.369100961048536,B cells
cell_00312,21695,1092,7.296839525051261,B cells
cell_00313,13422,992,12.205285220308216,B cells
cell_00314,16242,1018,4.858786138483843,B cells
cell_00315,13221,1018,10.67664679160893,B cells
cell_00316,19493,1079,40.7538223818985,B cells
cell_00317,17437,1068,9.856326598160562,B cells
cell_00318,11721,970,32.70342845264791,B cells
cell_00319,12488,980,8.527167542719189,B cells
cell_00320,13499,996,9.844504847631168,B cells
cell_00321,16284,1016,13.348960455147271,B cells
cell_00322,16889,1018,4.425564958452257,B cells
cell_00323,17613,1060,9.612922440195728,B cells
cell_00324,10824,975,26.034285792199363,B cells
cell_00325,10236,935,4.454208847121472,B cells
cell_00326,15626,1019,8.665112447315318,B cells
cell_00327,11313,973,4.541237829291126,B cells
cell_00328,9650,934,3.984493184804836,B cells
cell_00329,17437,1032,7.300328979309084,B cells
cell_00330,8484,913,22.883153783914896,B cells
cell_00331,10386,935,37.085157165458185,B cells
cell_00332,14649,1011,9.876382218023485,B cells
cell_00333,13263,976,14.346791986154294,B cells
cell_00334,12532,985,12.67115558003562,B cells
cell_00335,11053,970,19.118740102274202,B cells
cell_00336,12692,981,10.91785296339563,B cells
cell_00337,19544,1043,10.838291358915432,B cells
cell_00338,14130,1011,15.992754558848905,B cells
cell_00339,17292,1028,8.044286272609327,B cells
cell_00340,12355,975,9.186526590115038,B cells
cell_00341,18506,1050,8.108380289063142,B cells
cell_00342,17714,1081,9.943123009069154,B cells
cell_00343,15031,1014,8.218485789874874,B cells
cell_00344,8719,913,10.08604202716707,B cells
cell_00345,13626,998,5.393435489031659,B cells
cell_00346,15358,1025,7.675943335806089,B cells
cell_00347,14458,1004,45.187941901440006,B cells
cell_00348,11781,960,29.19168422178242,B cells
cell_00349,17912,1044,5.770186667827692,B cells
cell_00350,11476,982,29.377065759003045,B cells
cell_00351,12402,976,10.695912468671834,B cells
cell_00352,10940,961,8.85790856138104,B cells
cell_00353,20469,1089,43.134219324254616,B cells
cell_00354,13448,961,7.5928293947039025,B cells
cell_00355,17016,1060,13.62883351448336,B cells
cell_00356,21145,1056,11.371953007084123,B cells
cell_00357,17843,1022,7.01640301429671,B cells
cell_00358,18351,1053,6.1577609416098165,B cells
cell_00359,10400,962,12.40159542429125,B cells
cell_00360,9989,928,20.241494327120467,B cells
cell_00361,13649,1021,3.6416188457078937,B cells
cell_00362,11633,982,8.069698826126045,B cells
cell_00363,15487,1018,7.851976308134173,B cells
cell_00364,21132,1043,7.095315356517827,B cells
cell_00365,14111,996,8.197289218505155,B cells
cell_00366,17356,1038,8.728099968116801,B cells
cell_00367,11935,950,6.88254282506023,B cells
cell_00368,16312,1029,11.244241260814709,B cells
cell_00369,12016,979,4.772087673395779,B cells
cell_00370,17187,1055,4.713240603032724,B cells
cell_00371,20776,1087,4.901521525502519,B cells
cell_00372,16770,1031,9.8625875690667,B cells
cell_00373,14155,1002,8.869437059698187,B cells
cell_00374,10027,950,9.438078173418148,B cells
cell_00375,11333,964,7.808361900121004,B cells
cell_00376,17635,1069,7.711196203098525,B cells
cell_00377,14873,996,7.20671534028849,B cells
cell_00378,19259,1044,56.645732188312294,B cells
cell_00379,16638,1040,8.587210806752188,B cells
cell_00380,16534,1022,4.896078608080974,B cells
cell_00381,20227,1066,17.94912178396199,B cells
cell_00382,10043,916,22.969314525144146,B cells
cell_00383,15049,1029,7.8537407762388005,B cells
cell_00384,17578,1053,11.642116242655083,B cells
cell_00385,11404,945,20.116851992058766,B cells
cell_00386,9919,929,28.10407594326711,B cells
cell_00387,14910,1027,9.534693528812657,B cells
cell_00388,10078,938,11.087295665595725,B cells
cell_00389,17500,1065,8.944886348940296,B cells
cell_00390,10952,987,11.094838595358617,B cells
cell_00391,22447,1075,11.134382257048893,B cells
cell_00392,18166,1035,7.356117329952652,B cells
cell_00393,12168,985,5.820119385703089,B cells
cell_00394,13641,981,10.913058911316314,B cells
cell_00395,20531,1081,10.951086403878515,B cells
cell_00396,18996,1060,9.600335358934421,B cells
cell_00397,11677,1003,5.0489358589492035,B cells
cell_00398,9898,952,9.91593888298542,B cells
cell_00399,18446,1061,6.879394491783847,B cells
cell_00400,11521,991,11.265972746752164,B cells
cell_00401,19751,1078,14.443493148016579,B cells
cell_00402,8684,908,11.988131056420599,B cells
cell_00403,17881,1040,8.395968198966093,B cells
cell_00404,11724,971,36.45768839708246,B cells
cell_00405,16272,1034,5.885592022632355,B cells
cell_00406,20056,1076,7.715353076227287,B cells
cell_00407,10470,982,9.477330630043884,B cells
cell_00408,13920,1018,13.105418293638477,B cells
cell_00409,18648,1060,7.680509466917204,B cells
cell_00410,18209,1047,11.702452501805809,B cells
cell_00411,14163,1001,10.925169331704355,B cells
cell_00412,12701,1002,5.91602733284013,B cells
cell_00413,13315,989,9.24291632259112,B cells
cell_00414,19107,1053,10.645906669289532,B cells
cell_00415,11783,985,8.905358276214944,B cells
cell_00416,15429,1018,14.9705381304335,B cells
cell_00417,14081,1007,11.535775055979629,B cells
cell_00418,12215,977,9.78544706420017,B cells
cell_00419,20584,1083,9.623871461323406,B cells
cell_00420,10825,950,51.96614005491378,B cells
cell_00421,9736,939,24.873063392556656,B cells
cell_00422,17164,1053,8.148294692516618,B cells
cell_00423,15729,1022,9.378388294266232,B cells
cell_00424,18008,1069,9.3388781706425,B cells
cell_00425,16030,1040,7.284750092260868,B cells
cell_00426,17338,1065,10.201096541440355,B cells
cell_00427,16999,1036,3.9558794685461773,B cells
cell_00428,11479,976,49.45771129796683,B cells
cell_00429,19423,1050,4.669170783868286,B cells
cell_00430,12831,987,10.056804125311793,B cells
cell_00431,19140,1045,7.511432850599483,B cells
cell_00432,14808,1035,13.518848838577854,B cells
cell_00433,16888,1037,7.7178214504557765,B cells
cell_00434,17434,1077,11.192494671317894,B cells
cell_00435,16300,1020,11.528567220146863,B cells
cell_00436,10668,976,7.546039901711501,B cells
cell_00437,9772,941,6.863847164627154,B cells
cell_00438,11309,969,8.57391061580817,B cells
cell_00439,22355,1071,8.232650163733341,B cells
cell_00440,14116,1019,7.767067056070504,B cells
cell_00441,12552,987,10.308016057901856,B cells
cell_00442,15878,1044,6.7806016335917985,B cells
cell_00443,12780,989,7.65844641327775,B cells
cell_00444,20041,1076,8.165447342400112,B cells
cell_00445,15490,1044,12.656853690109383,B cells
cell_00446,19334,1079,7.751516358196339,B cells
cell_00447,13998,1004,10.722123610184973,B cells
cell_00448,22233,1073,15.02381745658042,B cells
cell_00449,18386,1047,11.480367095483938,B cells
cell_00450,13252,998,8.690143480675621,B cells
cell_00451,9811,940,9.228485908299541,B cells
cell_00452,12477,977,10.684170226676937,B cells
cell_00453,16247,1032,5.120798786800798,B cells
cell_00454,17334,1057,5.044649006228185,B cells
cell_00455,19513,1075,6.959334498215167,B cells
cell_00456,12013,974,7.508624626191794,B cells
cell_00457,12217,986,9.579642164216803,B cells
cell_00458,20482,1093,13.21255818869922,B cells
cell_00459,12954,1008,8.582162363986672,B cells
cell_00460,12296,1001,9.552172413982731,B cells
cell_00461,11976,973,6.952989554804942,B cells
cell_00462,20724,1080,7.952246558179921,B cells
cell_00463,11516,955,5.994252033768084,B cells
cell_00464,12964,1004,8.656162237545583,B cells
cell_00465,16058,998,6.44559347786762,B cells
cell_00466,14247,1023,7.001753971239874,B cells
cell_00467,12119,990,11.234516737739963,B cells
cell_00468,12457,996,10.274110227178786,B cells
cell_00469,16716,1074,9.269700999339,B cells
cell_00470,18602,1060,4.440434505349285,B cells
cell_00471,12105,952,4.81799109825628,B cells
cell_00472,17110,1048,47.28073878091726,B cells
cell_00473,11135,931,8.743264354350137,B cells
cell_00474,19854,1055,10.28574317062881,B cells
cell_00475,16617,1049,7.173535305846997,B cells
cell_00476,8952,932,5.78183101711231,B cells
cell_00477,19997,1065,10.405238491388694,B cells
cell_00478,10141,928,8.758728549287131,B cells
cell_00479,16191,1025,16.141517739358154,B cells
cell_00480,16523,1033,3.5961661646070264,B cells
cell_00481,18024,1065,5.220735887057498,B cells
cell_00482,19722,1070,13.957687577376287,B cells
cell_00483,16039,1022,6.115897664142269,B cells
cell_00484,12902,1025,6.75629022899561,B cells
cell_00485,15688,1003,15.140440610810629,B cells
cell_00486,16723,1032,7.075368876558508,B cells
cell_00487,13703,1008,5.956896055868792,B cells
cell_00488,18420,1065,5.472712019132892,B cells
cell_00489,11684,973,10.569314247312263,B cells
cell_00490,9524,929,8.056556427589115,B cells
cell_00491,12122,959,8.410563293294262,B cells
cell_00492,11103,985,7.858175372523524,B cells
cell_00493,16920,1057,7.8326317320356695,B cells
cell_00494,16020,1035,6.602380364667804,B cells
cell_00495,9167,894,28.878606789705934,B cells
cell_00496,9681,944,28.786021563005615,B cells
cell_00497,11691,987,8.760357927928334,B cells
cell_00498,13486,994,8.965531950993388,B cells
cell_00499,13581,1001,8.987461478460675,B cells
cell_00500,20340,1064,10.060475671315425,B cells
cell_00501,20192,1086,15.638496647227381,B cells
cell_00502,21038,1103,8.185185531236714,B cells
cell_00503,14807,994,6.032982346383266,B cells
cell_00504,19015,1068,13.359832646343934,B cells
cell_00505,12817,989,10.352420873366466,B cells
cell_00506,10805,952,40.70193058775893,B cells
cell_00507,13748,1018,11.135605595268622,B cells
cell_00508,17815,1034,4.401483021250597,B cells
cell_00509,10607,992,8.318910926464495,B cells
cell_00510,10926,952,9.366854622841206,B cells
cell_00511,17747,1094,8.810519826891468,B cells
cell_00512,10878,945,8.442900955042015,B cells
cell_00513,16796,1027,12.08948967096564,B cells
cell_00514,11957,988,4.7049999905331985,B cells
cell_00515,18504,1052,9.814287355595058,B cells
cell_00516,9931,911,9.561239165870719,B cells
cell_00517,17764,1043,10.091538446313333,B cells
cell_00518,17733,1047,10.521029900304736,B cells
cell_00519,11037,938,11.304441599332044,B cells
cell_00520,9852,925,9.159643585465153,B cells
cell_00521,13045,1000,4.595275085890843,B cells
cell_00522,15751,1021,5.690428193800678,B cells
cell_00523,11275,951,9.637977650601336,B cells
cell_00524,18945,1076,44.93176545722667,B cells
cell_00525,14189,1014,8.133895046963962,B cells
cell_00526,19928,1064,10.698837930547445,B cells
cell_00527,20017,1061,6.889124425351054,B cells
cell_00528,9558,938,19.14786574772765,B cells
cell_00529,10762,964,50.30481099580029,B cells
cell_00530,12542,1014,8.843959667137128,B cells
cell_00531,11309,959,11.66544127004174,B cells
cell_00532,17611,1043,6.678599328180865,B cells
cell_00533,11547,951,38.115179136109525,B cells
cell_00534,11134,947,39.06332970542264,B cells
cell_00535,10302,952,36.57766131645272,B cells
cell_00536,18161,1088,6.224451249081389,B cells
cell_00537,17003,1051,8.484130469970545,B cells
cell_00538,11486,964,24.749933227774136,B cells
cell_00539,9519,940,6.859008699896912,B cells
cell_00540,9716,947,8.873161164829739,B cells
cell_00541,17969,1045,6.541382568535273,B cells
cell_00542,15286,1017,7.253309277112452,B cells
cell_00543,13364,1019,8.311566227325695,B cells
cell_00544,11616,958,71.70814066902457,B cells
cell_00545,10739,961,25.60559135128428,B cells
cell_00546,21428,1081,17.88973723299088,B cells
cell_00547,17338,1053,5.483871852551603,B cells
cell_00548,17029,1050,12.660429380665594,B cells
cell_00549,9018,922,18.262275294617254,B cells
cell_00550,16303,1021,8.833867720690089,B cells
cell_00551,19533,1078,7.636419486542604,B cells
cell_00552,18397,1043,12.417139047401733,B cells
cell_00553,8980,916,9.350864420293398,B cells
cell_00554,19555,1079,13.737091067863094,B cells
cell_00555,17324,1068,9.946031100256574,B cells
cell_00556,10218,945,9.083243613831375,B cells
cell_00557,11895,947,26.83077349167242,B cells
cell_00558,18311,1070,13.46299890781708,B cells
cell_00559,13128,1005,7.078630309357614,B cells
cell_00560,11027,947,24.77665718621521,B cells
cell_00561,10081,934,39.70428132666511,B cells
cell_00562,17542,1056,12.986928514770767,B cells
cell_00563,14837,1022,10.401102431463295,B cells
cell_00564,11525,965,9.185380144491337,B cells
cell_00565,20965,1066,8.3932424981634,B cells
cell_00566,13463,1013,4.432973210534279,B cells
cell_00567,14132,1013,9.286200005135974,B cells
cell_00568,20340,1068,5.004067860036107,B cells
cell_00569,15891,1031,10.321248213475688,B cells
cell_00570,21665,1091,6.707551027353635,B cells
cell_00571,20945,1080,10.327571382116025,B cells
cell_00572,11326,942,9.128929385157342,B cells
cell_00573,8656,912,33.80651785813309,B cells
cell_00574,13060,1010,10.17397867346067,B cells
cell_00575,11649,973,16.156117157665708,B cells
cell_00576,18892,1071,12.541415209797135,B cells
cell_00577,18620,1080,7.599811011328776,B cells
cell_00578,13066,997,10.847470690203293,B cells
cell_00579,13043,971,11.528950474531765,B cells
cell_00580,18488,1069,6.242322178521534,B cells
cell_00581,20316,1059,8.513366858981062,B cells
cell_00582,16395,1001,5.89450178530906,B cells
cell_00583,19745,1096,10.78404386741028,B cells
cell_00584,11314,975,34.07539658910935,B cells
cell_00585,9386,947,27.690572507489442,B cells
cell_00586,21206,1083,16.75463337550219,B cells
cell_00587,13293,1017,11.24631699304508,B cells
cell_00588,14532,1019,11.599809471347362,B cells
cell_00589,12588,988,10.706745507706453,B cells
cell_00590,13835,1006,7.887193601738329,B cells
cell_00591,16020,1036,39.279615411526855,B cells
cell_00592,23088,1081,13.195431488603592,B cells
cell_00593,11810,977,8.28143858247383,B cells
cell_00594,17414,1064,9.185984520147722,B cells
cell_00595,9666,973,10.137191455087645,B cells
cell_00596,16603,1037,10.655828705622717,B cells
cell_00597,16997,1032,13.59272255274075,B cells
cell_00598,13114,1008,15.59659437803686,B cells
cell_00599,9738,951,6.228121682823866,B cells
cell_00600,8305,920,32.94705027715355,Monocytes
cell_00601,14106,1008,7.6313197417018,Monocytes
cell_00602,8390,895,6.759709863587983,Monocytes
cell_00603,16831,1040,4.933146850329593,Monocytes
cell_00604,13522,1018,4.860498181176777,Monocytes
cell_00605,21031,1068,6.7032267889703485,Monocytes
cell_00606,21320,1082,4.4956004645321945,Monocytes
cell_00607,12245,979,6.973429796832632,Monocytes
cell_00608,8876,893,11.38528802401277,Monocytes
cell_00609,12833,989,6.957493229311138,Monocytes
cell_00610,17810,1053,5.983457613203817,Monocytes
cell_00611,14192,1005,10.6324548481284,Monocytes
cell_00612,19575,1081,11.601388447920021,Monocytes
cell_00613,10376,959,27.973009338343406,Monocytes
cell_00614,8654,915,10.940561881082077,Monocytes
cell_00615,16070,1061,14.980323515508909,Monocytes
cell_00616,19552,1069,6.384254884285015,Monocytes
cell_00617,18207,1064,7.8779217468446445,Monocytes
cell_00618,17179,1050,11.338792222991584,Monocytes
cell_00619,13127,1004,11.224724217890484,Monocytes
cell_00620,9947,940,4.6011486065294775,Monocytes
cell_00621,18280,1080,13.055869014206628,Monocytes
cell_00622,18926,1086,8.60442456753259,Monocytes
cell_00623,12107,1000,11.978735799595414,Monocytes
cell_00624,16118,1050,9.84433716812277,Monocytes
cell_00625,15311,1048,11.858650132460594,Monocytes
cell_00626,18492,1053,7.144036429321465,Monocytes
cell_00627,14709,1012,9.679280358457296,Monocytes
cell_00628,10772,948,11.259536526128084,Monocytes
cell_00629,15204,1009,7.370355474969684,Monocytes
cell_00630,14034,1012,9.258820064124457,Monocytes
cell_00631,19462,1081,10.66017646607687,Monocytes
cell_00632,18187,1046,51.92746797562041,Monocytes
cell_00633,13066,978,7.577525163697199,Monocytes
cell_00634,16021,1037,11.397789690807075,Monocytes
cell_00635,11544,966,39.775533614901235,Monocytes
cell_00636,19243,1059,35.61920803515613,Monocytes
cell_00637,12288,1010,8.903940044253428,Monocytes
cell_00638,14159,1006,6.077979220467661,Monocytes
cell_00639,16238,1059,10.353678979537042,Monocytes
cell_00640,9150,933,5.085374548971329,Monocytes
cell_00641,17336,1073,8.98694501996444,Monocytes
cell_00642,13654,1015,7.236157892182899,Monocytes
cell_00643,14907,1022,6.48443627631998,Monocytes
cell_00644,14224,1019,9.226774145895615,Monocytes
cell_00645,16896,1052,8.90775548039828,Monocytes
cell_00646,18014,1065,5.7629557384134635,Monocytes
cell_00647,19871,1094,10.814182829125683,Monocytes
cell_00648,19704,1088,9.407318226736352,Monocytes
cell_00649,15079,1017,7.860617582391994,Monocytes
cell_00650,20826,1086,12.115445014579933,Monocytes
cell_00651,8793,931,8.35077447937107,Monocytes
cell_00652,15622,1028,12.101692384624895,Monocytes
cell_00653,14774,1033,7.168175124960867,Monocytes
cell_00654,9984,975,5.538927894932639,Monocytes
cell_00655,12376,995,8.94881353468799,Monocytes
cell_00656,11890,987,8.980782303304721,Monocytes
cell_00657,16991,1071,7.204707801774424,Monocytes
cell_00658,12054,972,7.058976381919478,Monocytes
cell_00659,11904,993,10.349679571958111,Monocytes
cell_00660,11099,968,7.602362808322788,Monocytes
cell_00661,15425,1023,9.26738122913263,Monocytes
cell_00662,18682,1075,10.176902753122558,Monocytes
cell_00663,16129,1038,9.309320685542893,Monocytes
cell_00664,18848,1059,18.570911263120845,Monocytes
cell_00665,14719,1049,7.76151646102981,Monocytes
cell_00666,21103,1072,39.00443729166875,Monocytes
cell_00667,17070,1045,9.258395724837026,Monocytes
cell_00668,17123,1061,9.647503885567854,Monocytes
cell_00669,17864,1038,6.211841239877119,Monocytes
cell_00670,13308,1004,9.628899919788477,Monocytes
cell_00671,10833,934,9.562671750425228,Monocytes
cell_00672,19940,1084,9.402692873173354,Monocytes
cell_00673,12357,973,9.656952330915104,Monocytes
cell_00674,12600,983,5.847792023608003,Monocytes
cell_00675,19790,1068,7.123432497898269,Monocytes
cell_00676,15117,1031,10.650804959086763,Monocytes
cell_00677,20216,1090,57.56520273747008,Monocytes
cell_00678,11567,980,13.831848390892882,Monocytes
cell_00679,12384,996,7.877232849253934,Monocytes
cell_00680,15637,1025,6.423565590263857,Monocytes
cell_00681,19533,1105,11.08625436858151,Monocytes
cell_00682,18453,1073,11.847859635918795,Monocytes
cell_00683,11522,958,8.322534728706374,Monocytes
cell_00684,19526,1073,7.577046695814888,Monocytes
cell_00685,18688,1076,8.401103046851588,Monocytes
cell_00686,20210,1096,6.97733189676447,Monocytes
cell_00687,12534,993,13.84805753291716,Monocytes
cell_00688,14029,1021,12.646133135841332,Monocytes
cell_00689,12936,997,11.451736253901728,Monocytes
cell_00690,10983,961,11.153434416247986,Monocytes
cell_00691,10035,904,8.636491423814316,Monocytes
cell_00692,20289,1107,5.081695479067404,Monocytes
cell_00693,12497,988,5.934651031235482,Monocytes
cell_00694,18377,1076,10.000287996742882,Monocytes
cell_00695,12696,976,6.166830493221285,Monocytes
cell_00696,9918,940,33.886275601131,Monocytes
cell_00697,20250,1073,59.93857870555217,Monocytes
cell_00698,17810,1071,9.281287218803289,Monocytes
cell_00699,19151,1066,8.06576051354044,Monocytes
cell_00700,17163,1074,7.090537121628078,Monocytes
cell_00701,11682,949,9.241369354675498,Monocytes
cell_00702,9384,949,34.91759859196454,Monocytes
cell_00703,17438,1069,12.554153351249028,Monocytes
cell_00704,10225,931,33.68001770860253,Monocytes
cell_00705,13416,1011,8.400192521266746,Monocytes
cell_00706,9548,928,31.447152345019237,Monocytes
cell_00707,10809,951,11.367103407316781,Monocytes
cell_00708,17908,1067,6.74830870310992,Monocytes
cell_00709,10649,949,13.334839188158751,Monocytes
cell_00710,14803,1023,6.8719492887163325,Monocytes
cell_00711,10879,980,9.426347153917005,Monocytes
cell_00712,10087,950,10.535610326569444,Monocytes
cell_00713,18700,1081,7.296590335458967,Monocytes
cell_00714,8910,916,30.398081307430186,Monocytes
cell_00715,19638,1072,7.704078120815538,Monocytes
cell_00716,16776,1068,10.645347336301313,Monocytes
cell_00717,18832,1073,7.103534280614567,Monocytes
cell_00718,11609,943,5.245452066463426,Monocytes
cell_00719,18055,1085,11.477223943287749,Monocytes
cell_00720,11158,974,7.1394354043203485,Monocytes
cell_00721,13373,1003,7.32019192152559,Monocytes
cell_00722,15498,1042,9.527320372573369,Monocytes
cell_00723,9454,923,9.50848464780995,Monocytes
cell_00724,11931,995,7.722183044919921,Monocytes
cell_00725,8791,904,9.019752038042657,Monocytes
cell_00726,12947,995,8.169202848621696,Monocytes
cell_00727,20896,1064,6.430973912680208,Monocytes
cell_00728,14912,1013,9.049363178687917,Monocytes
cell_00729,9190,921,7.971696808442635,Monocytes
cell_00730,12446,979,4.020351242696806,Monocytes
cell_00731,19828,1091,11.954480631634217,Monocytes
cell_00732,12724,994,10.498001152748476,Monocytes
cell_00733,16412,1050,10.742944623647377,Monocytes
cell_00734,11002,980,22.054690639018318,Monocytes
cell_00735,20053,1072,17.25236965245284,Monocytes
cell_00736,9949,923,13.848248363825649,Monocytes
cell_00737,13027,991,12.596677204949753,Monocytes
cell_00738,13314,996,8.95619272188899,Monocytes
cell_00739,20000,1069,47.18976194570232,Monocytes
cell_00740,19602,1080,11.65663738870749,Monocytes
cell_00741,11012,956,9.99418744061908,Monocytes
cell_00742,19291,1066,5.995306493993538,Monocytes
cell_00743,18987,1058,7.451893720130569,Monocytes
cell_00744,13013,1012,12.228391897421888,Monocytes
cell_00745,14528,993,8.750376816807728,Monocytes
cell_00746,9595,953,7.891451625553028,Monocytes
cell_00747,13723,1006,9.026591311847136,Monocytes
cell_00748,14578,1020,5.213579385813168,Monocytes
cell_00749,13801,1026,10.71830944717708,Monocytes
cell_00750,17012,1048,9.537680747313155,Monocytes
cell_00751,19353,1067,5.489342712316693,Monocytes
cell_00752,10809,941,7.442205089149634,Monocytes
cell_00753,18305,1059,6.084691826999933,Monocytes
cell_00754,18436,1065,10.441982633767436,Monocytes
cell_00755,8409,901,8.01565319861766,Monocytes
cell_00756,16466,1039,6.658466013013212,Monocytes
cell_00757,9233,932,47.384251825543956,Monocytes
cell_00758,10061,980,11.163117373624658,Monocytes
cell_00759,12639,982,8.871327617820292,Monocytes
cell_00760,18517,1072,9.169965371458893,Monocytes
cell_00761,14226,1031,8.845813528450236,Monocytes
cell_00762,20066,1074,9.372843936325381,Monocytes
cell_00763,10197,928,7.529251251300096,Monocytes
cell_00764,19499,1073,14.2140443264395,Monocytes
cell_00765,15273,1032,10.517267893067869,Monocytes
cell_00766,15189,1030,8.261368787942377,Monocytes
cell_00767,15099,1049,9.221616134987048,Monocytes
cell_00768,13061,1013,54.33496905593596,Monocytes
cell_00769,15263,1027,6.877371922093197,Monocytes
cell_00770,15211,1016,12.334782187904434,Monocytes
cell_00771,19128,1075,4.8598145755930116,Monocytes
cell_00772,16667,1048,7.048612643701061,Monocytes
cell_00773,17128,1034,12.34036942671392,Monocytes
cell_00774,18689,1062,12.507202892879008,Monocytes
cell_00775,9874,954,8.584975345464363,Monocytes
cell_00776,20030,1077,6.894972775062088,Monocytes
cell_00777,13003,1020,6.7431659851957235,Monocytes
cell_00778,16479,1058,8.90980719967234,Monocytes
cell_00779,16378,1037,6.109706106444138,Monocytes
cell_00780,10099,951,9.786149044844105,Monocytes
cell_00781,16519,1023,10.492653736300841,Monocytes
cell_00782,12949,997,8.70777330745787,Monocytes
cell_00783,13770,1000,9.730842092714568,Monocytes
cell_00784,11376,985,34.487334030191235,Monocytes
cell_00785,17618,1078,8.997070564330025,Monocytes
cell_00786,11792,968,8.898807982983147,Monocytes
cell_00787,10142,937,33.243863374036366,Monocytes
cell_00788,17003,1050,10.045176785320722,Monocytes
cell_00789,9659,913,21.84729932272077,Monocytes
cell_00790,13972,1033,9.763558281016607,Monocytes
cell_00791,14039,1014,9.30653107450576,Monocytes
cell_00792,12041,973,9.35388587279226,Monocytes
cell_00793,13234,996,10.763463595654375,Monocytes
cell_00794,18839,1060,5.856658379710809,Monocytes
cell_00795,10302,983,12.024085139143452,Monocytes
cell_00796,16879,1050,8.896114137642972,Monocytes
cell_00797,16895,1054,5.438404141688509,Monocytes
cell_00798,11717,971,6.689219421955513,Monocytes
cell_00799,19960,1080,6.801478212320622,Monocytes
cell_00800,21312,1089,35.904739440514376,Monocytes
cell_00801,15979,1017,9.047803602374621,Monocytes
cell_00802,11679,979,36.48987416865442,Monocytes
cell_00803,14659,1021,7.810180407671901,Monocytes
cell_00804,14536,1005,7.787250765711476,Monocytes
cell_00805,8765,910,6.307737362792502,Monocytes
cell_00806,15924,1035,10.409429506019965,Monocytes
cell_00807,18323,1044,12.333220830168534,Monocytes
cell_00808,15772,1036,7.691480049081889,Monocytes
cell_00809,12096,978,7.684366063234009,Monocytes
cell_00810,12835,1017,11.285420543104276,Monocytes
cell_00811,18095,1056,9.268379316034514,Monocytes
cell_00812,17701,1065,7.312580163428259,Monocytes
cell_00813,19695,1097,9.138255657964525,Monocytes
cell_00814,9988,929,5.941083348139554,Monocytes
cell_00815,9391,931,7.745394276310955,Monocytes
cell_00816,19453,1080,7.825790236598714,Monocytes
cell_00817,9380,917,9.7189097948424,Monocytes
cell_00818,17392,1057,12.268850465534802,Monocytes
cell_00819,14840,1041,10.082719355123416,Monocytes
cell_00820,15949,1028,8.696903525819302,Monocytes
cell_00821,20518,1069,9.130924819288385,Monocytes
cell_00822,9822,969,7.231776256915076,Monocytes
cell_00823,15262,1009,10.61598772319353,Monocytes
cell_00824,15828,1049,13.478689247751962,Monocytes
cell_00825,17544,1042,8.90353772513737,Monocytes
cell_00826,10004,936,10.58102151666852,Monocytes
cell_00827,10153,937,7.098055284456482,Monocytes
cell_00828,11243,971,10.569575950847899,Monocytes
cell_00829,17121,1053,11.41895072260292,Monocytes
cell_00830,14985,1024,10.344027170517487,Monocytes
cell_00831,18624,1073,12.23588388086623,Monocytes
cell_00832,12393,979,11.377596781278728,Monocytes
cell_00833,18932,1060,10.443834766300682,Monocytes
cell_00834,16224,1044,9.496666890815202,Monocytes
cell_00835,20661,1087,9.447414529631246,Monocytes
cell_00836,19745,1099,7.7589499928656975,Monocytes
cell_00837,17264,1058,5.131467893887777,Monocytes
cell_00838,17504,1056,11.263738758851307,Monocytes
cell_00839,17389,1048,10.831907396620476,Monocytes
cell_00840,10452,936,11.295723871503286,Monocytes
cell_00841,10793,943,3.7966887553286104,Monocytes
cell_00842,15796,1032,6.773647835983248,Monocytes
cell_00843,17219,1054,8.849846823477304,Monocytes
cell_00844,18772,1082,8.65770771267848,Monocytes
cell_00845,16402,1046,10.608370533393728,Monocytes
cell_00846,16204,1039,45.67553704752445,Monocytes
cell_00847,13529,1018,6.624336704958293,Monocytes
cell_00848,19107,1079,13.71762170903105,Monocytes
cell_00849,13164,999,11.418013014134923,Monocytes
cell_00850,14824,1030,7.429060789773506,Monocytes
cell_00851,19430,1066,11.91552419163957,Monocytes
cell_00852,10166,947,4.996190415839096,Monocytes
cell_00853,13954,1027,9.36210040515295,Monocytes
cell_00854,19444,1082,11.302586283849296,Monocytes
cell_00855,14252,1031,12.914707328313273,Monocytes
cell_00856,19811,1069,4.665906319959912,Monocytes
cell_00857,15888,1034,6.448776783099191,Monocytes
cell_00858,19229,1074,9.293804454526429,Monocytes
cell_00859,9788,942,8.043009353578872,Monocytes
cell_00860,15629,1046,7.6753597013357515,Monocytes
cell_00861,15809,1048,5.879260636641476,Monocytes
cell_00862,12189,989,6.809144246971691,Monocytes
cell_00863,11807,990,37.495697045373994,Monocytes
cell_00864,17570,1050,7.820769161880693,Monocytes
cell_00865,13241,1018,8.680447433259534,Monocytes
cell_00866,17223,1054,4.659467124251829,Monocytes
cell_00867,10097,942,23.20888736082585,Monocytes
cell_00868,9456,928,31.764515635719548,Monocytes
cell_00869,16907,1054,5.781660498053818,Monocytes
cell_00870,19287,1069,10.182256547986006,Monocytes
cell_00871,15755,1043,5.075108542564941,Monocytes
cell_00872,9165,918,8.648129361905514,Monocytes
cell_00873,16821,1066,12.641989408939958,Monocytes
cell_00874,16591,1030,10.058418797093903,Monocytes
cell_00875,10972,948,10.626509043243367,Monocytes
cell_00876,11977,962,6.592562710399583,Monocytes
cell_00877,9836,969,10.931737446349084,Monocytes
cell_00878,19957,1079,8.748430774732018,Monocytes
cell_00879,11510,1007,10.28063682158639,Monocytes
cell_00880,18719,1064,7.908501155369113,Monocytes
cell_00881,17198,1033,11.223700371981671,Monocytes
cell_00882,14388,1034,9.221777431324647,Monocytes
cell_00883,12328,1004,10.073099197574752,Monocytes
cell_00884,12411,1002,9.515413019678016,Monocytes
cell_00885,15811,1033,12.590083371745003,Monocytes
cell_00886,11115,962,10.770058259273519,Monocytes
cell_00887,13559,1014,8.860301483998482,Monocytes
cell_00888,15621,1037,10.810017289078298,Monocytes
cell_00889,14048,1020,8.966830278249853,Monocytes
cell_00890,14281,1024,14.336922990817186,Monocytes
cell_00891,10057,943,19.498715180556026,Monocytes
cell_00892,12986,1023,11.596532444551656,Monocytes
cell_00893,11306,981,28.029723610303936,Monocytes
cell_00894,11022,938,5.326103293897528,Monocytes
cell_00895,14476,1012,9.998590705384876,Monocytes
cell_00896,15326,1056,10.200237412742753,Monocytes
cell_00897,15843,1042,12.05088605376758,Monocytes
cell_00898,14779,1017,11.618663264685065,Monocytes
cell_00899,16884,1038,14.117690044504732,Monocytes
cell_00900,15524,1011,13.592201886918637,NK cells
cell_00901,10806,966,6.461198785302208,NK cells
cell_00902,10990,948,7.251067709821898,NK cells
cell_00903,10758,946,6.382774925047937,NK cells
cell_00904,16067,1020,11.262019910405668,NK cells
cell_00905,9109,915,12.655118539641613,NK cells
cell_00906,19574,1091,7.759127525425449,NK cells
cell_00907,9008,924,8.224275653490391,NK cells
cell_00908,16978,1066,7.676174999560689,NK cells
cell_00909,12385,1021,6.553200554366356,NK cells
cell_00910,14666,1011,15.696750758197458,NK cells
cell_00911,20099,1074,8.900358793123038,NK cells
cell_00912,9642,918,37.82191988640458,NK cells
cell_00913,10382,969,14.828731783606836,NK cells
cell_00914,18371,1095,14.265315628602131,NK cells
cell_00915,9668,934,18.05172849406812,NK cells
cell_00916,15861,1047,8.765446702804148,NK cells
cell_00917,13189,990,10.206742620925652,NK cells
cell_00918,11167,983,13.666814095911395,NK cells
cell_00919,19320,1070,9.504268166821833,NK cells
cell_00920,17863,1065,6.5985645463699,NK cells
cell_00921,18779,1069,8.623178738933234,NK cells
cell_00922,18596,1075,4.2839994293315655,NK cells
cell_00923,11312,982,10.34222931475006,NK cells
cell_00924,17230,1070,11.056217661071338,NK cells
cell_00925,13130,1010,9.042475693676245,NK cells
cell_00926,10395,943,12.444464850091599,NK cells
cell_00927,15257,1006,6.856288529173867,NK cells
cell_00928,19599,1067,10.419463121007185,NK cells
cell_00929,9260,920,31.18801406242656,NK cells
cell_00930,12676,994,7.745960577650759,NK cells
cell_00931,9287,917,7.575879585778636,NK cells
cell_00932,9970,954,10.47296838080931,NK cells
cell_00933,11497,982,31.903569473611686,NK cells
cell_00934,9018,925,9.386254837522376,NK cells
cell_00935,19616,1064,11.360402497884785,NK cells
cell_00936,9621,952,8.655557389954646,NK cells
cell_00937,15850,1035,8.670763216215805,NK cells
cell_00938,8898,933,40.983420051451816,NK cells
cell_00939,17344,1031,6.665893017651816,NK cells
cell_00940,10231,940,7.1720559802073325,NK cells
cell_00941,19713,1065,13.305480093720275,NK cells
cell_00942,17119,1030,11.65005443044127,NK cells
cell_00943,17172,1061,8.15455117367953,NK cells
cell_00944,15150,1021,7.612015638271336,NK cells
cell_00945,17363,1056,7.746911956965969,NK cells
cell_00946,10437,947,11.991131443149163,NK cells
cell_00947,13188,997,8.571950023320255,NK cells
cell_00948,13238,1006,7.021915390614125,NK cells
cell_00949,15558,1031,11.4213902969855,NK cells
cell_00950,13443,1002,6.499619803483096,NK cells
cell_00951,19629,1091,8.330346422914833,NK cells
cell_00952,12757,1011,5.4372152975377865,NK cells
cell_00953,15717,1039,6.6954221778052565,NK cells
cell_00954,15137,1027,6.982987388867692,NK cells
cell_00955,16889,1048,4.146193375256946,NK cells
cell_00956,9528,912,45.02315956641215,NK cells
cell_00957,17527,1057,8.95872709742771,NK cells
cell_00958,13196,1008,7.145151897984226,NK cells
cell_00959,10253,954,11.430767820293159,NK cells
cell_00960,16620,1065,7.288933409161586,NK cells
cell_00961,10563,965,59.59554602822187,NK cells
cell_00962,9601,940,7.048107567665338,NK cells
cell_00963,10603,946,24.33972833844218,NK cells
cell_00964,17960,1047,5.803703763689177,NK cells
cell_00965,9541,934,35.30868441063429,NK cells
cell_00966,18462,1076,10.204230280554617,NK cells
cell_00967,14771,1032,6.005396307213007,NK cells
cell_00968,8213,908,6.84501383407958,NK cells
cell_00969,8587,904,7.553774688099253,NK cells
cell_00970,9696,957,9.53894274233647,NK cells
cell_00971,15033,1053,9.71731892141551,NK cells
cell_00972,15818,1041,6.5700165756156395,NK cells
cell_00973,19523,1061,9.334867444514845,NK cells
cell_00974,11827,980,10.527971084206609,NK cells
cell_00975,12910,982,53.84083202008403,NK cells
cell_00976,11226,973,28.16481964627456,NK cells
cell_00977,15622,1027,8.53184686162643,NK cells
cell_00978,13527,1014,8.866132017888164,NK cells
cell_00979,16420,1059,6.188494981096855,NK cells
cell_00980,12950,976,8.405044383673212,NK cells
cell_00981,17010,1043,17.43404600644334,NK cells
cell_00982,17688,1036,9.287101908553282,NK cells
cell_00983,8739,926,59.62614689213045,NK cells
cell_00984,10238,961,9.347715991430302,NK cells
cell_00985,15956,1060,6.605341674962766,NK cells
cell_00986,17904,1082,9.278299529840012,NK cells
cell_00987,13760,1023,8.854377347982775,NK cells
cell_00988,14376,1023,13.158514419658868,NK cells
cell_00989,18667,1078,7.9539290724428895,NK cells
cell_00990,12410,983,12.287438451625633,NK cells
cell_00991,16469,1020,7.399096254823976,NK cells
cell_00992,18314,1087,10.160792446150527,NK cells
cell_00993,12373,1013,6.349790271302503,NK cells
cell_00994,8514,915,10.601770925702086,NK cells
cell_00995,11542,982,7.408737279217401,NK cells
cell_00996,19063,1064,5.542279943242309,NK cells
cell_00997,11386,965,25.70750273837995,NK cells
cell_00998,17540,1058,10.296883239507611,NK cells
cell_00999,13729,1012,9.222508565048438,NK cells
cell_01000,12115,1000,5.627047667720954,NK cells
cell_01001,9462,927,10.112038753665246,NK cells
cell_01002,8768,931,26.28918655101854,NK cells
cell_01003,13558,1001,7.232174819906712,NK cells
cell_01004,17654,1060,7.906393318983248,NK cells
cell_01005,16697,1021,9.373914310159618,NK cells
cell_01006,13460,1010,8.925970908455023,NK cells
cell_01007,11546,960,7.629859765632788,NK cells
cell_01008,16656,1049,7.998747932036418,NK cells
cell_01009,17252,1043,6.8816779181864085,NK cells
cell_01010,11268,969,25.407171628788245,NK cells
cell_01011,11463,954,74.05040817026953,NK cells
cell_01012,9406,915,5.619656605895066,NK cells
cell_01013,15118,1025,7.305059464569111,NK cells
cell_01014,21025,1082,10.340263498746355,NK cells
cell_01015,13138,1008,8.819186926227188,NK cells
cell_01016,19585,1071,10.53716651612598,NK cells
cell_01017,16519,1071,9.168911666476973,NK cells
cell_01018,10655,971,10.044659018337141,NK cells
cell_01019,10385,968,7.299826346760296,NK cells
cell_01020,9740,919,7.219272103436908,NK cells
cell_01021,20616,1090,8.667315943349863,NK cells
cell_01022,14503,1029,9.782392053860434,NK cells
cell_01023,15061,1036,6.929153577942077,NK cells
cell_01024,8905,928,7.931948966432917,NK cells
cell_01025,12584,969,7.6116213731385995,NK cells
cell_01026,18399,1056,15.980362514786165,NK cells
cell_01027,19057,1072,9.532751292733721,NK cells
cell_01028,17759,1055,9.248886778065984,NK cells
cell_01029,21205,1110,7.60053720482789,NK cells
cell_01030,18091,1061,3.9802705544912347,NK cells
cell_01031,13619,1010,11.38072399889834,NK cells
cell_01032,16500,1076,6.1809289432442425,NK cells
cell_01033,15276,1041,8.122902258507397,NK cells
cell_01034,16320,1054,6.134994587785899,NK cells
cell_01035,15259,1022,11.811416405244653,NK cells
cell_01036,16602,1045,10.917023443104513,NK cells
cell_01037,16661,1068,5.621026052795227,NK cells
cell_01038,17179,1050,6.881518858724994,NK cells
cell_01039,11611,987,8.983867627388467,NK cells
cell_01040,10794,974,4.366905824691895,NK cells
cell_01041,15456,1029,4.675958664124013,NK cells
cell_01042,16438,1072,7.702100278990727,NK cells
cell_01043,11478,986,23.65535735507644,NK cells
cell_01044,9209,922,25.973900874132234,NK cells
cell_01045,14027,1005,11.368984864335927,NK cells
cell_01046,15274,1008,9.347167708993439,NK cells
cell_01047,18788,1077,7.860847259218236,NK cells
cell_01048,9561,933,11.035273394023278,NK cells
cell_01049,15787,1031,6.741798028651844,NK cells
cell_01050,16930,1038,10.467106495956893,NK cells
cell_01051,19000,1074,12.75811004763776,NK cells
cell_01052,12122,987,7.651863168609394,NK cells
cell_01053,13449,1018,5.368172184330013,NK cells
cell_01054,11572,974,27.228895393204343,NK cells
cell_01055,20345,1082,7.398202815588315,NK cells
cell_01056,21058,1080,7.830617114047474,NK cells
cell_01057,16607,1068,8.59930072779647,NK cells
cell_01058,13593,988,9.482982851083994,NK cells
cell_01059,9114,938,8.601832337034693,NK cells
cell_01060,17537,1052,7.010682526798603,NK cells
cell_01061,10445,977,6.394157418788295,NK cells
cell_01062,18903,1076,5.860010139665019,NK cells
cell_01063,15683,1034,9.579771408179715,NK cells
cell_01064,11274,965,10.784883357064833,NK cells
cell_01065,14482,1012,6.466578302233715,NK cells
cell_01066,13909,1029,10.446409143519281,NK cells
cell_01067,19625,1073,7.793949251291527,NK cells
cell_01068,14889,1033,9.508364672818956,NK cells
cell_01069,18250,1061,12.19833686676328,NK cells
cell_01070,10152,958,8.749259229918572,NK cells
cell_01071,9794,959,6.173915004521731,NK cells
cell_01072,17193,1058,5.924915740442846,NK cells
cell_01073,11407,966,8.899251554372736,NK cells
cell_01074,12777,1015,6.706925900730923,NK cells
cell_01075,8961,919,11.60470754896778,NK cells
cell_01076,20154,1087,7.496573701560195,NK cells
cell_01077,13254,1005,9.091297172584355,NK cells
cell_01078,8475,926,29.487174821681528,NK cells
cell_01079,10349,955,27.224547102854054,NK cells
cell_01080,18808,1076,7.328242117119532,NK cells
cell_01081,10915,960,9.142345835479512,NK cells
cell_01082,15596,1030,9.701898389255872,NK cells
cell_01083,11568,966,8.159915837742256,NK cells
cell_01084,18096,1033,7.6316950950905005,NK cells
cell_01085,13880,1022,6.620690169357264,NK cells
cell_01086,18404,1069,10.654775261043856,NK cells
cell_01087,15724,1055,11.062953767591878,NK cells
cell_01088,13930,1035,10.153463464825132,NK cells
cell_01089,8972,924,12.574980878836628,NK cells
cell_01090,10940,939,9.570277208018679,NK cells
cell_01091,15330,1034,6.602433234771363,NK cells
cell_01092,11165,975,8.398491298156793,NK cells
cell_01093,12406,993,50.202751795164716,NK cells
cell_01094,13231,1034,53.85552082318108,NK cells
cell_01095,20022,1081,11.64802209045113,NK cells
cell_01096,15061,1025,10.269649587320224,NK cells
cell_01097,8800,933,6.696111014242365,NK cells
cell_01098,12066,971,13.931557008394382,NK cells
cell_01099,16779,1048,6.151527041747279,NK cells
cell_01100,18308,1052,9.13386118672565,NK cells
cell_01101,14518,1003,10.805289849035788,NK cells
cell_01102,13343,998,11.12407532285152,NK cells
cell_01103,20800,1088,6.383255830434706,NK cells
cell_01104,10846,975,6.77782798747274,NK cells
cell_01105,10099,948,7.506695333523291,NK cells
cell_01106,14376,1009,7.814103869941877,NK cells
cell_01107,20343,1097,11.283005704687854,NK cells
cell_01108,19363,1052,51.477291824274616,NK cells
cell_01109,13347,1021,8.386145686636434,NK cells
cell_01110,21391,1073,6.857849038848547,NK cells
cell_01111,13635,989,9.65564319527799,NK cells
cell_01112,11203,973,8.20296240423432,NK cells
cell_01113,16605,1054,8.341278762177055,NK cells
cell_01114,15845,1065,12.662016175702284,NK cells
cell_01115,18474,1078,5.370400260777841,NK cells
cell_01116,13319,1001,6.587775710130858,NK cells
cell_01117,15463,1010,9.33399838928267,NK cells
cell_01118,16198,1029,7.198863512980511,NK cells
cell_01119,14037,1014,8.097337490403994,NK cells
cell_01120,17906,1061,9.72767800171521,NK cells
cell_01121,17770,1055,10.777445623733616,NK cells
cell_01122,14467,1035,7.9868361709189815,NK cells
cell_01123,19615,1071,10.364666135496428,NK cells
cell_01124,16865,1066,7.369836949064752,NK cells
cell_01125,10338,992,8.585518118754868,NK cells
cell_01126,9232,929,8.840665085856484,NK cells
cell_01127,12119,1001,9.468021907275537,NK cells
cell_01128,19463,1080,8.43622248294174,NK cells
cell_01129,10883,970,5.049433654967733,NK cells
cell_01130,11509,988,10.418568372615402,NK cells
cell_01131,11945,992,32.080330213637616,NK cells
cell_01132,16402,1056,10.714237500408355,NK cells
cell_01133,16284,1050,6.41564983265685,NK cells
cell_01134,10010,952,30.242817690900488,NK cells
cell_01135,10775,956,10.408311358613021,NK cells
cell_01136,19547,1082,46.60165074754771,NK cells
cell_01137,10262,937,7.7393699017870095,NK cells
cell_01138,19328,1068,12.232671647989966,NK cells
cell_01139,9527,937,32.816133621267475,NK cells
cell_01140,14678,1009,10.248926338000054,NK cells
cell_01141,16238,1028,6.808086413101814,NK cells
cell_01142,12083,988,8.10517614871751,NK cells
cell_01143,9164,931,42.31365835013025,NK cells
cell_01144,13721,1004,12.72933275150702,NK cells
cell_01145,19536,1069,9.95651098189259,NK cells
cell_01146,9652,922,37.07864883707406,NK cells
cell_01147,17355,1040,3.6416388711792362,NK cells
cell_01148,15103,1029,7.070489092446125,NK cells
cell_01149,9775,924,8.395083380549492,NK cells
cell_01150,19577,1092,7.470463398246147,NK cells
cell_01151,12231,998,7.981235399035383,NK cells
cell_01152,11209,972,7.710553761779862,NK cells
cell_01153,17337,1065,5.580662099169043,NK cells
cell_01154,9179,932,13.30079826182605,NK cells
cell_01155,11720,994,8.709510260671232,NK cells
cell_01156,16683,1064,7.569335842597805,NK cells
cell_01157,16927,1050,8.381966757018445,NK cells
cell_01158,15604,1034,7.87605121361702,NK cells
cell_01159,16432,1052,6.183359141526548,NK cells
cell_01160,19400,1088,6.040207973612528,NK cells
cell_01161,19424,1078,6.249496771908847,NK cells
cell_01162,12455,979,48.00445148335887,NK cells
cell_01163,12158,1006,41.46233684753577,NK cells
cell_01164,10641,954,8.545360240823255,NK cells
cell_01165,9429,930,28.67220991779822,NK cells
cell_01166,9120,943,7.282644272902239,NK cells
cell_01167,15851,1032,7.595274661686224,NK cells
cell_01168,19710,1074,7.960927783810567,NK cells
cell_01169,11605,973,7.33891862043322,NK cells
cell_01170,12252,983,8.039558710108164,NK cells
cell_01171,11956,964,10.587878159604596,NK cells
cell_01172,18140,1066,9.056940911028056,NK cells
cell_01173,19976,1073,9.964490855210004,NK cells
cell_01174,12688,974,7.307682979576622,NK cells
cell_01175,9445,907,9.927831639782166,NK cells
cell_01176,17006,1054,11.430154815512248,NK cells
cell_01177,11467,981,14.091467115821294,NK cells
cell_01178,8252,921,32.697051022448264,NK cells
cell_01179,12582,1003,7.309481353099992,NK cells
cell_01180,16890,1030,9.790814802525512,NK cells
cell_01181,17050,1043,9.218441571741467,NK cells
cell_01182,19413,1074,14.34336250317434,NK cells
cell_01183,18711,1063,10.114458769503301,NK cells
cell_01184,19877,1093,6.752657844455778,NK cells
cell_01185,13287,1012,12.723160168703476,NK cells
cell_01186,13604,1001,10.654631942587283,NK cells
cell_01187,16818,1038,4.0854366753279425,NK cells
cell_01188,18596,1081,10.045450731442788,NK cells
cell_01189,9619,970,21.53409984250524,NK cells
cell_01190,9379,912,44.25760102737471,NK cells
cell_01191,17700,1052,6.470725443768144,NK cells
cell_01192,14857,1042,8.475400057301078,NK cells
cell_01193,9019,917,7.673321086999778,NK cells
cell_01194,12302,1015,47.16690866105363,NK cells
cell_01195,12470,974,7.99999813053644,NK cells
cell_01196,17703,1049,10.928027120838092,NK cells
cell_01197,17809,1075,9.002174551914699,NK cells
cell_01198,18802,1083,13.753183780597606,NK cells
cell_01199,15878,1053,5.674531441514693,NK cells
cell_01200,9585,956,12.379761488531145,Dendritic cells
cell_01201,10892,969,29.357905494049884,Dendritic cells
cell_01202,18155,1069,7.6342249687751815,Dendritic cells
cell_01203,10993,953,29.501632223044282,Dendritic cells
cell_01204,14236,1009,38.65338514802715,Dendritic cells
cell_01205,8853,920,18.212537634759506,Dendritic cells
cell_01206,8849,951,6.267560485212084,Dendritic cells
cell_01207,16732,1032,7.538378086021597,Dendritic cells
cell_01208,14428,1016,9.59377021455501,Dendritic cells
cell_01209,15966,1031,14.882026815231008,Dendritic cells
cell_01210,14536,1034,9.162051133882185,Dendritic cells
cell_01211,15944,1023,7.2944255068676105,Dendritic cells
cell_01212,16198,1054,11.143964683807079,Dendritic cells
cell_01213,14548,1030,11.361167042095373,Dendritic cells
cell_01214,14097,1033,6.67671223619855,Dendritic cells
cell_01215,18978,1099,7.195424405811232,Dendritic cells
cell_01216,14577,1047,7.5959596143641575,Dendritic cells
cell_01217,15585,1024,11.616789901878153,Dendritic cells
cell_01218,17639,1063,5.780761065740263,Dendritic cells
cell_01219,9619,954,12.46409447946598,Dendritic cells
cell_01220,15811,1043,6.326653600917501,Dendritic cells
cell_01221,11065,978,10.647100592487712,Dendritic cells
cell_01222,11330,991,21.719054597380143,Dendritic cells
cell_01223,10350,943,12.07745374824802,Dendritic cells
cell_01224,13836,1017,5.404200110320404,Dendritic cells
cell_01225,16519,1036,7.836134161315524,Dendritic cells
cell_01226,13275,1044,5.928433693086478,Dendritic cells
cell_01227,13316,1001,11.112138592107238,Dendritic cells
cell_01228,14453,1022,7.09074638845503,Dendritic cells
cell_01229,17692,1045,9.768265562602398,Dendritic cells
cell_01230,11401,966,12.220319894190162,Dendritic cells
cell_01231,16331,1037,6.499177635132973,Dendritic cells
cell_01232,9966,921,13.521737743577816,Dendritic cells
cell_01233,16289,1059,6.845895225501305,Dendritic cells
cell_01234,19513,1080,11.74972875277277,Dendritic cells
cell_01235,9354,938,6.877402323867965,Dendritic cells
cell_01236,12304,1007,15.27955789000647,Dendritic cells
cell_01237,10254,943,10.156531197336708,Dendritic cells
cell_01238,12305,969,11.77065343374374,Dendritic cells
cell_01239,16211,1042,49.13487747425101,Dendritic cells
cell_01240,11815,990,8.402653722371884,Dendritic cells
cell_01241,14060,1001,7.787516484598746,Dendritic cells
cell_01242,12038,984,10.127805290848546,Dendritic cells
cell_01243,16208,1040,8.562132186959328,Dendritic cells
cell_01244,8932,937,38.227559557083076,Dendritic cells
cell_01245,14396,1033,11.881569454202495,Dendritic cells
cell_01246,19320,1090,41.132092270302614,Dendritic cells
cell_01247,16805,1040,11.549750617784978,Dendritic cells
cell_01248,13208,1022,10.586389221291004,Dendritic cells
cell_01249,13438,1003,8.437422297736308,Dendritic cells
cell_01250,12564,984,7.455811253804942,Dendritic cells
cell_01251,15424,1051,7.776312408613095,Dendritic cells
cell_01252,18723,1092,10.819575313263963,Dendritic cells
cell_01253,11874,969,21.464663265798606,Dendritic cells
cell_01254,9023,930,42.34020259853924,Dendritic cells
cell_01255,9518,929,21.799157415834053,Dendritic cells
cell_01256,19417,1061,10.542099670717562,Dendritic cells
cell_01257,9019,923,9.456169658435716,Dendritic cells
cell_01258,15898,1050,7.153557271449361,Dendritic cells
cell_01259,8530,921,19.81680244330794,Dendritic cells
cell_01260,8756,917,13.453416755438289,Dendritic cells
cell_01261,19017,1078,9.565196285418507,Dendritic cells
cell_01262,13314,1014,6.911830726061627,Dendritic cells
cell_01263,14042,1022,13.562436544463296,Dendritic cells
cell_01264,15892,1032,11.646410296319742,Dendritic cells
cell_01265,20146,1062,11.067410846329418,Dendritic cells
cell_01266,18333,1083,6.514982773319525,Dendritic cells
cell_01267,12448,974,7.344162469910903,Dendritic cells
cell_01268,17442,1065,4.621381526893692,Dendritic cells
cell_01269,12945,1016,6.744779859857358,Dendritic cells
cell_01270,15640,1042,8.564142673811158,Dendritic cells
cell_01271,12964,1011,9.43141900078584,Dendritic cells
cell_01272,12341,984,10.772975938219913,Dendritic cells
cell_01273,10698,946,7.100547736209456,Dendritic cells
cell_01274,15817,1044,5.2102235817701725,Dendritic cells
cell_01275,12874,985,6.16359013173898,Dendritic cells
cell_01276,9704,947,40.84395851081743,Dendritic cells
cell_01277,19329,1093,12.784191498661432,Dendritic cells
cell_01278,9154,949,8.325216946800177,Dendritic cells
cell_01279,15021,1049,8.511697941250517,Dendritic cells
cell_01280,16672,1057,11.962357837775246,Dendritic cells
cell_01281,8655,923,34.398163115128874,Dendritic cells
cell_01282,14920,1030,7.830310072208162,Dendritic cells
cell_01283,16982,1044,11.474136577988094,Dendritic cells
cell_01284,11047,948,40.18288600649313,Dendritic cells
cell_01285,16594,1053,8.522768728622507,Dendritic cells
cell_01286,18335,1046,11.700096427845542,Dendritic cells
cell_01287,15629,1014,7.1938058100637985,Dendritic cells
cell_01288,9047,943,47.475703544559714,Dendritic cells
cell_01289,14204,1030,9.758340822218672,Dendritic cells
cell_01290,10597,944,6.877291502269872,Dendritic cells
cell_01291,13240,1008,7.2982489171555756,Dendritic cells
cell_01292,19712,1079,7.851928608941386,Dendritic cells
cell_01293,8726,900,10.308412252244056,Dendritic cells
cell_01294,18294,1065,12.871140212142002,Dendritic cells
cell_01295,19092,1068,39.063156325539516,Dendritic cells
cell_01296,16956,1076,11.660934394076895,Dendritic cells
cell_01297,13975,1011,7.609821753784169,Dendritic cells
cell_01298,17232,1062,14.649822721799454,Dendritic cells
cell_01299,9981,957,4.668819551882438,Dendritic cells
cell_01300,17616,1084,11.456636968868976,Dendritic cells
cell_01301,10650,967,10.743897741768402,Dendritic cells
cell_01302,13650,1043,59.05949709089797,Dendritic cells
cell_01303,13937,1008,8.35474138084386,Dendritic cells
cell_01304,15020,1022,9.530011652172021,Dendritic cells
cell_01305,18508,1079,6.236364669771149,Dendritic cells
cell_01306,16520,1033,9.07623608498448,Dendritic cells
cell_01307,16321,1065,6.61736386697245,Dendritic cells
cell_01308,15368,1054,9.487717899277856,Dendritic cells
cell_01309,19078,1077,9.84960158166603,Dendritic cells
cell_01310,15804,1048,5.583257416935873,Dendritic cells
cell_01311,13756,1006,8.884600887598426,Dendritic cells
cell_01312,12168,991,10.960782527233562,Dendritic cells
cell_01313,12808,1013,4.834667115370245,Dendritic cells
cell_01314,13590,1004,10.32902378303553,Dendritic cells
cell_01315,14450,1027,10.642940820011445,Dendritic cells
cell_01316,14481,1022,14.420062144452428,Dendritic cells
cell_01317,12941,1008,10.062172281846525,Dendritic cells
cell_01318,15127,1008,6.613449291309056,Dendritic cells
cell_01319,19730,1065,9.64188467339937,Dendritic cells
cell_01320,16018,1046,9.902632980198906,Dendritic cells
cell_01321,15211,1035,11.873346535888196,Dendritic cells
cell_01322,13731,1008,12.777303331445694,Dendritic cells
cell_01323,8796,931,9.538005233421678,Dendritic cells
cell_01324,16658,1067,8.59237977402919,Dendritic cells
cell_01325,12011,977,9.534586174579754,Dendritic cells
cell_01326,17950,1077,8.355871410363932,Dendritic cells
cell_01327,12520,1006,9.911726475196412,Dendritic cells
cell_01328,17651,1064,6.616062654587221,Dendritic cells
cell_01329,16006,1048,11.210813994327541,Dendritic cells
cell_01330,12350,1010,10.507011333785142,Dendritic cells
cell_01331,8400,939,9.648546869550113,Dendritic cells
cell_01332,8949,924,33.94360247088196,Dendritic cells
cell_01333,13237,1026,6.35812106560931,Dendritic cells
cell_01334,12393,988,12.464428573818719,Dendritic cells
cell_01335,15873,1026,14.1216474291119,Dendritic cells
cell_01336,19384,1077,10.209770440055498,Dendritic cells
cell_01337,11966,954,14.511201264668063,Dendritic cells
cell_01338,14020,1016,11.762498837588817,Dendritic cells
cell_01339,19797,1082,6.90571443751408,Dendritic cells
cell_01340,8534,890,9.69535601285413,Dendritic cells
cell_01341,13149,1017,8.314520320598778,Dendritic cells
cell_01342,12079,973,10.438202904512423,Dendritic cells
cell_01343,15489,1031,9.26180658190567,Dendritic cells
cell_01344,19366,1093,10.58811727503206,Dendritic cells
cell_01345,13968,1009,11.102622024697945,Dendritic cells
cell_01346,17886,1058,7.532874665656678,Dendritic cells
cell_01347,16457,1060,9.02031416335255,Dendritic cells
cell_01348,15993,1039,9.772495688324108,Dendritic cells
cell_01349,19211,1079,11.00733702381071,Dendritic cells
cell_01350,11238,969,12.820157519620611,Dendritic cells
cell_01351,8226,895,46.1736078848219,Dendritic cells
cell_01352,8657,922,7.182522643146619,Dendritic cells
cell_01353,12281,988,7.0722941923096725,Dendritic cells
cell_01354,11174,977,12.24291432127771,Dendritic cells
cell_01355,8062,885,43.80698074066878,Dendritic cells
cell_01356,14218,1030,35.72991512731452,Dendritic cells
cell_01357,18083,1064,9.225618315598549,Dendritic cells
cell_01358,8891,890,5.574685651494754,Dendritic cells
cell_01359,13739,1013,5.950251334489115,Dendritic cells
cell_01360,18025,1079,6.575813578635575,Dendritic cells
cell_01361,15510,1031,11.767894846775594,Dendritic cells
cell_01362,10877,965,11.3300086371899,Dendritic cells
cell_01363,19417,1077,7.341878394975404,Dendritic cells
cell_01364,14319,1031,7.7324893449633,Dendritic cells
cell_01365,12961,1031,6.488301735633348,Dendritic cells
cell_01366,15194,1059,6.7508825132361086,Dendritic cells
cell_01367,12932,996,7.505243145894134,Dendritic cells
cell_01368,12550,983,9.76511901307266,Dendritic cells
cell_01369,9450,947,9.14202569186331,Dendritic cells
cell_01370,11433,993,56.08135907780583,Dendritic cells
cell_01371,17216,1057,50.6458478826596,Dendritic cells
cell_01372,19008,1062,9.90727393215917,Dendritic cells
cell_01373,20042,1045,9.688659796930363,Dendritic cells
cell_01374,9948,927,35.794267481474954,Dendritic cells
cell_01375,13962,1010,10.380740411230438,Dendritic cells
cell_01376,16057,1049,7.740980374559086,Dendritic cells
cell_01377,19136,1067,45.41012887103243,Dendritic cells
cell_01378,11655,974,41.13831998346189,Dendritic cells
cell_01379,14739,1044,8.039690906546987,Dendritic cells
cell_01380,13231,1006,15.541857965924107,Dendritic cells
cell_01381,16584,1075,8.645597606671474,Dendritic cells
cell_01382,8371,906,73.20911650386849,Dendritic cells
cell_01383,12056,969,11.55354918561217,Dendritic cells
cell_01384,9019,916,6.513744707260222,Dendritic cells
cell_01385,17815,1050,7.605452686670766,Dendritic cells
cell_01386,19989,1089,12.64257143400552,Dendritic cells
cell_01387,10364,939,7.945595268437894,Dendritic cells
cell_01388,11515,981,9.956603212579079,Dendritic cells
cell_01389,8903,936,7.327882747904998,Dendritic cells
cell_01390,17218,1056,10.426847076573736,Dendritic cells
cell_01391,12958,1011,7.391963180045213,Dendritic cells
cell_01392,19342,1084,11.28115561354727,Dendritic cells
cell_01393,19552,1055,10.15097023847926,Dendritic cells
cell_01394,12988,990,10.542745709226482,Dendritic cells
cell_01395,17530,1044,12.608217889223978,Dendritic cells
cell_01396,10014,931,23.31466642407744,Dendritic cells
cell_01397,18057,1066,8.268787796886281,Dendritic cells
cell_01398,15195,1047,6.202604644641942,Dendritic cells
cell_01399,14415,1013,11.311479273081487,Dendritic cells
cell_01400,18746,1064,12.489308790835876,Dendritic cells
cell_01401,16997,1072,14.006784338298495,Dendritic cells
cell_01402,17207,1069,11.089552903365966,Dendritic cells
cell_01403,15671,1055,58.63686439354168,Dendritic cells
cell_01404,17189,1040,13.672859066651776,Dendritic cells
cell_01405,18465,1108,7.896860340039144,Dendritic cells
cell_01406,16476,1054,8.004471786881744,Dendritic cells
cell_01407,11456,965,10.380385951919123,Dendritic cells
cell_01408,12637,992,7.6803613582724335,Dendritic cells
cell_01409,14037,1013,10.654343385966197,Dendritic cells
cell_01410,19726,1101,8.192024864165159,Dendritic cells
cell_01411,14970,1037,12.41361412641561,Dendritic cells
cell_01412,11390,984,11.030949678580617,Dendritic cells
cell_01413,16365,1048,6.53360861628047,Dendritic cells
cell_01414,11503,970,11.381261838704493,Dendritic cells
cell_01415,9278,933,8.667267012443231,Dendritic cells
cell_01416,9081,934,14.410899398660105,Dendritic cells
cell_01417,18206,1075,8.397060461219999,Dendritic cells
cell_01418,14949,1009,10.484873642254247,Dendritic cells
cell_01419,9525,936,9.103977447758032,Dendritic cells
cell_01420,20601,1079,7.309120077061268,Dendritic cells
cell_01421,15077,1042,8.885151437190418,Dendritic cells
cell_01422,16785,1049,10.617003647910005,Dendritic cells
cell_01423,13150,994,8.513505981750265,Dendritic cells
cell_01424,13515,999,7.274592623828516,Dendritic cells
cell_01425,14726,1036,10.74836239472822,Dendritic cells
cell_01426,14036,1018,7.671067769854253,Dendritic cells
cell_01427,13689,1025,10.704423819874739,Dendritic cells
cell_01428,12500,984,10.333952122228157,Dendritic cells
cell_01429,10489,973,25.986547201647497,Dendritic cells
cell_01430,8753,942,11.75080831925561,Dendritic cells
cell_01431,10028,969,13.912121186208696,Dendritic cells
cell_01432,16238,1040,10.207569926846693,Dendritic cells
cell_01433,20023,1077,7.895642501213759,Dendritic cells
cell_01434,11623,979,12.126000808318885,Dendritic cells
cell_01435,16454,1034,11.191805601427925,Dendritic cells
cell_01436,15430,1000,10.50831711704719,Dendritic cells
cell_01437,18992,1095,5.803901178581888,Dendritic cells
cell_01438,8593,909,27.121464705280907,Dendritic cells
cell_01439,17621,1067,8.81939391771962,Dendritic cells
cell_01440,18944,1092,4.833849082786665,Dendritic cells
cell_01441,19664,1089,4.2470705770029475,Dendritic cells
cell_01442,10725,941,7.6815469536176035,Dendritic cells
cell_01443,13015,1007,4.918423357626738,Dendritic cells
cell_01444,10482,944,9.645552112231274,Dendritic cells
cell_01445,9367,911,5.786562921387506,Dendritic cells
cell_01446,17283,1076,8.474010626313454,Dendritic cells
cell_01447,19009,1069,7.975229034041299,Dendritic cells
cell_01448,9651,945,7.102905497829893,Dendritic cells
cell_01449,15715,1030,8.01556890305792,Dendritic cells
cell_01450,13442,1017,7.975691244943997,Dendritic cells
cell_01451,15593,1029,12.026595285537525,Dendritic cells
cell_01452,14180,1013,14.915598753452905,Dendritic cells
cell_01453,19514,1073,12.684150419802645,Dendritic cells
cell_01454,12142,979,6.4459394311107445,Dendritic cells
cell_01455,8635,896,11.469372954389229,Dendritic cells
cell_01456,8293,915,12.510474007050615,Dendritic cells
cell_01457,15601,1044,5.220865231218262,Dendritic cells
cell_01458,14405,1024,7.743400623820884,Dendritic cells
cell_01459,18082,1049,11.187093252602716,Dendritic cells
cell_01460,15412,1029,7.421830752450942,Dendritic cells
cell_01461,10762,975,36.97955945333612,Dendritic cells
cell_01462,17264,1066,10.442004351688574,Dendritic cells
cell_01463,14237,1048,10.630227950707216,Dendritic cells
cell_01464,12667,996,12.613953191970829,Dendritic cells
cell_01465,18909,1064,12.003909645225413,Dendritic cells
cell_01466,10789,958,6.367956864204915,Dendritic cells
cell_01467,13721,1013,7.5239343002371895,Dendritic cells
cell_01468,11383,955,9.723171495982493,Dendritic cells
cell_01469,10492,990,44.5202426413005,Dendritic cells
cell_01470,20476,1093,10.45856582499333,Dendritic cells
cell_01471,14686,1026,10.45404002233793,Dendritic cells
cell_01472,8676,936,6.389218305613747,Dendritic cells
cell_01473,15584,1044,9.983456836421285,Dendritic cells
cell_01474,18033,1078,7.148536284352478,Dendritic cells
cell_01475,18560,1070,7.9160299631253705,Dendritic cells
cell_01476,15460,1053,9.834977915462144,Dendritic cells
cell_01477,19349,1065,11.484549578806806,Dendritic cells
cell_01478,10923,970,6.5912552638806,Dendritic cells
cell_01479,17965,1061,11.84216374248899,Dendritic cells
cell_01480,19922,1099,10.32827377841273,Dendritic cells
cell_01481,17396,1056,9.945032105140266,Dendritic cells
cell_01482,18551,1065,8.319871771349563,Dendritic cells
cell_01483,10386,945,9.95162913287785,Dendritic cells
cell_01484,11449,989,17.347828576517188,Dendritic cells
cell_01485,18895,1050,8.217007375397662,Dendritic cells
cell_01486,11126,984,12.00812642687486,Dendritic cells
cell_01487,18624,1077,10.171620049152656,Dendritic cells
cell_01488,10087,947,10.441748237798109,Dendritic cells
cell_01489,19907,1066,17.940401601305386,Dendritic cells
cell_01490,19272,1083,8.024520294601206,Dendritic cells
cell_01491,14418,1026,10.639449950772825,Dendritic cells
cell_01492,8534,916,19.455655859300315,Dendritic cells
cell_01493,14706,1020,12.803413065774604,Dendritic cells
cell_01494,9442,947,8.928816248964905,Dendritic cells
cell_01495,12419,998,9.534184469816417,Dendritic cells
cell_01496,12899,1002,5.426649420114805,Dendritic cells
cell_01497,13888,1000,8.704028730827645,Dendritic cells
cell_01498,14532,1010,6.506414776131529,Dendritic cells
cell_01499,17364,1050,15.162835315580548,Dendritic cells
cell_01500,14661,1053,8.696948996414738,Neutrophils
cell_01501,13088,997,7.119058460395477,Neutrophils
cell_01502,12283,1009,8.76690469266499,Neutrophils
cell_01503,9399,923,31.15792979735984,Neutrophils
cell_01504,14388,1031,4.427603633740555,Neutrophils
cell_01505,16132,1064,13.228065567591774,Neutrophils
cell_01506,18736,1081,11.096747651094033,Neutrophils
cell_01507,10329,957,9.235777529232477,Neutrophils
cell_01508,8525,941,8.417511023073006,Neutrophils
cell_01509,8691,935,6.934926854491463,Neutrophils
cell_01510,13783,1015,5.113883362795769,Neutrophils
cell_01511,9381,945,18.62402071479333,Neutrophils
cell_01512,17930,1064,11.748663256259888,Neutrophils
cell_01513,10716,999,10.666224329387946,Neutrophils
cell_01514,15782,1046,8.139986975403668,Neutrophils
cell_01515,17586,1059,8.04081759724464,Neutrophils
cell_01516,17559,1054,8.657760340417594,Neutrophils
cell_01517,16137,1038,5.541122501969033,Neutrophils
cell_01518,10393,936,16.51299709838335,Neutrophils
cell_01519,15236,1030,9.896335238062825,Neutrophils
cell_01520,16335,1038,8.8136371940238,Neutrophils
cell_01521,12978,1003,8.006096695566134,Neutrophils
cell_01522,19160,1066,8.01504943881984,Neutrophils
cell_01523,11973,984,7.606700406861741,Neutrophils
cell_01524,19360,1065,7.352330088317263,Neutrophils
cell_01525,8815,929,12.552924387860841,Neutrophils
cell_01526,8433,898,5.956456242325964,Neutrophils
cell_01527,15104,1015,6.97839828933817,Neutrophils
cell_01528,17708,1033,15.541049049332734,Neutrophils
cell_01529,11062,976,23.802901876441503,Neutrophils
cell_01530,16620,1064,8.502008656504449,Neutrophils
cell_01531,10389,950,33.807888015662485,Neutrophils
cell_01532,13521,1016,8.78165509301058,Neutrophils
cell_01533,13456,1028,11.972648946874084,Neutrophils
cell_01534,19020,1086,7.3634614834403065,Neutrophils
cell_01535,13182,1019,38.37190170948078,Neutrophils
cell_01536,10901,975,8.162044030500516,Neutrophils
cell_01537,11497,1010,37.72986868181844,Neutrophils
cell_01538,15367,1027,6.098776992177768,Neutrophils
cell_01539,15745,1047,11.768117629687037,Neutrophils
cell_01540,10624,994,9.106907994705034,Neutrophils
cell_01541,11309,997,7.6251233357001,Neutrophils
cell_01542,19169,1075,12.623556327257084,Neutrophils
cell_01543,11337,997,19.70163204144669,Neutrophils
cell_01544,17917,1068,12.188039386894776,Neutrophils
cell_01545,15979,1044,10.936381135606352,Neutrophils
cell_01546,9557,908,35.15904930834714,Neutrophils
cell_01547,12190,1001,16.598580138827977,Neutrophils
cell_01548,9690,922,6.4387966058179495,Neutrophils
cell_01549,13625,1011,53.59888601929305,Neutrophils
cell_01550,18401,1069,10.713432141546946,Neutrophils
cell_01551,20600,1095,12.786705234876699,Neutrophils
cell_01552,10799,956,72.46097187027138,Neutrophils
cell_01553,16633,1056,4.205138057063213,Neutrophils
cell_01554,10608,983,4.609237863073942,Neutrophils
cell_01555,12905,1007,7.545041835901525,Neutrophils
cell_01556,12973,1016,10.577475192796793,Neutrophils
cell_01557,19451,1076,10.992754774111239,Neutrophils
cell_01558,10755,949,26.947248196282825,Neutrophils
cell_01559,18290,1083,12.393769762915763,Neutrophils
cell_01560,19349,1071,7.2787403615231465,Neutrophils
cell_01561,16089,1035,12.58304273040084,Neutrophils
cell_01562,10065,956,10.258777293395358,Neutrophils
cell_01563,15757,1059,7.88429039961098,Neutrophils
cell_01564,17201,1048,12.594042703940916,Neutrophils
cell_01565,13602,1033,9.07540866321881,Neutrophils
cell_01566,10776,969,7.456135000434619,Neutrophils
cell_01567,13003,999,8.949118462702845,Neutrophils
cell_01568,12194,988,10.082606300766745,Neutrophils
cell_01569,14403,1042,12.610479846055023,Neutrophils
cell_01570,9527,932,39.398901806525224,Neutrophils
cell_01571,14754,1053,13.915560962276741,Neutrophils
cell_01572,11802,987,25.10225723327748,Neutrophils
cell_01573,19226,1068,7.602112569616036,Neutrophils
cell_01574,9690,971,8.06081131462024,Neutrophils
cell_01575,13963,1015,8.551790903406618,Neutrophils
cell_01576,19505,1079,8.326867351731233,Neutrophils
cell_01577,8637,903,21.175969983540266,Neutrophils
cell_01578,17853,1077,9.409169066775712,Neutrophils
cell_01579,9991,981,9.462937542370877,Neutrophils
cell_01580,9290,926,8.128052909520473,Neutrophils
cell_01581,18157,1072,9.949411382466053,Neutrophils
cell_01582,8463,928,11.029493822707927,Neutrophils
cell_01583,17321,1076,5.565290636884032,Neutrophils
cell_01584,12122,1000,13.262585109288027,Neutrophils
cell_01585,18590,1067,59.820443818839195,Neutrophils
cell_01586,10264,956,4.719697913357971,Neutrophils
cell_01587,10528,958,38.353651695596206,Neutrophils
cell_01588,19597,1077,13.412714828474664,Neutrophils
cell_01589,19996,1070,8.568043547048518,Neutrophils
cell_01590,8605,918,36.379677001015224,Neutrophils
cell_01591,15965,1045,7.541746552677611,Neutrophils
cell_01592,11262,959,12.954462173469636,Neutrophils
cell_01593,12988,990,5.3618442538720075,Neutrophils
cell_01594,14402,999,12.485166127974184,Neutrophils
cell_01595,13975,1014,12.1721798015261,Neutrophils
cell_01596,11829,976,8.967144329952959,Neutrophils
cell_01597,15082,1029,7.501642808744554,Neutrophils
cell_01598,9809,940,11.485933114397055,Neutrophils
cell_01599,12744,1009,11.23195085837926,Neutrophils
cell_01600,13435,1008,54.60493135857314,Neutrophils
cell_01601,20496,1095,5.557502323375911,Neutrophils
cell_01602,14858,1041,13.935020287029284,Neutrophils
cell_01603,13611,1020,8.448759912610871,Neutrophils
cell_01604,14670,1022,10.156825257975784,Neutrophils
cell_01605,9576,918,5.0898868670119475,Neutrophils
cell_01606,19125,1063,5.516658733048639,Neutrophils
cell_01607,14593,1045,6.0008864663166195,Neutrophils
cell_01608,15685,1032,10.243157719185664,Neutrophils
cell_01609,14512,1037,12.390569593811177,Neutrophils
cell_01610,15370,1039,5.453025022876576,Neutrophils
cell_01611,11276,978,22.96652640314198,Neutrophils
cell_01612,14936,1045,12.968126748926917,Neutrophils
cell_01613,12523,1012,4.880879420289453,Neutrophils
cell_01614,12467,1001,13.67979254603196,Neutrophils
cell_01615,8400,911,4.162290790260929,Neutrophils
cell_01616,16660,1070,9.55285318697247,Neutrophils
cell_01617,15248,998,7.159712226834519,Neutrophils
cell_01618,12225,1001,8.622333129130046,Neutrophils
cell_01619,16171,1048,9.987480160187514,Neutrophils
cell_01620,12577,1024,11.966525370549045,Neutrophils
cell_01621,17269,1070,39.05459445740109,Neutrophils
cell_01622,8004,902,11.460337668367346,Neutrophils
cell_01623,11349,991,8.758665869791688,Neutrophils
cell_01624,16922,1063,6.8109168318557956,Neutrophils
cell_01625,17684,1058,8.237088416943458,Neutrophils
cell_01626,14206,1016,7.552822975234425,Neutrophils
cell_01627,9843,945,10.460296796758751,Neutrophils
cell_01628,14393,1015,5.437866647830924,Neutrophils
cell_01629,17500,1053,7.975795756787408,Neutrophils
cell_01630,13198,983,7.4528633737812795,Neutrophils
cell_01631,10884,971,9.923683036856898,Neutrophils
cell_01632,13252,993,13.441499247017019,Neutrophils
cell_01633,8514,921,9.31640528883342,Neutrophils
cell_01634,17875,1062,8.454954386537654,Neutrophils
cell_01635,19704,1086,15.414596783494677,Neutrophils
cell_01636,8794,920,23.793326745757216,Neutrophils
cell_01637,18964,1075,7.070168341761026,Neutrophils
cell_01638,13223,986,5.9084733287758,Neutrophils
cell_01639,8853,922,59.442736397828035,Neutrophils
cell_01640,19236,1032,11.267841717196479,Neutrophils
cell_01641,15700,1030,9.419063354166497,Neutrophils
cell_01642,10612,962,20.85693814603164,Neutrophils
cell_01643,8943,901,6.973664478227757,Neutrophils
cell_01644,16738,1048,10.817957575970329,Neutrophils
cell_01645,13817,1008,11.337248359897199,Neutrophils
cell_01646,11084,953,14.24158231966185,Neutrophils
cell_01647,11721,969,9.347294666166999,Neutrophils
cell_01648,10489,972,6.859317375287274,Neutrophils
cell_01649,13238,1018,7.938242825707727,Neutrophils
cell_01650,12580,986,8.464667172136874,Neutrophils
cell_01651,19530,1082,43.19533607504877,Neutrophils
cell_01652,17105,1051,6.094763593771751,Neutrophils
cell_01653,17009,1058,7.292613663474551,Neutrophils
cell_01654,10946,973,31.92875443055173,Neutrophils
cell_01655,10079,971,9.566469639258383,Neutrophils
cell_01656,17732,1038,12.145005024273832,Neutrophils
cell_01657,17993,1081,8.85140903808915,Neutrophils
cell_01658,14541,1050,7.847485269749867,Neutrophils
cell_01659,12851,1007,6.021348500736194,Neutrophils
cell_01660,15664,1043,9.512204861817862,Neutrophils
cell_01661,18715,1063,7.898970166624028,Neutrophils
cell_01662,9148,926,4.362797966219717,Neutrophils
cell_01663,12339,996,12.972240429398335,Neutrophils
cell_01664,14859,1040,11.923543265126895,Neutrophils
cell_01665,11784,989,28.75789957341248,Neutrophils
cell_01666,11559,986,43.34049023731359,Neutrophils
cell_01667,8231,897,80.81241896988101,Neutrophils
cell_01668,16149,1076,9.618386729415139,Neutrophils
cell_01669,12224,1017,9.982935608403304,Neutrophils
cell_01670,10225,951,8.394955835365195,Neutrophils
cell_01671,10727,957,8.345015217248296,Neutrophils
cell_01672,11685,972,36.22622967686128,Neutrophils
cell_01673,13359,1030,10.623443445412803,Neutrophils
cell_01674,18262,1079,8.916523689450354,Neutrophils
cell_01675,13626,1015,4.3668277668110305,Neutrophils
cell_01676,9746,947,34.694786396310334,Neutrophils
cell_01677,10388,926,10.326933554485617,Neutrophils
cell_01678,10787,961,14.108485759986442,Neutrophils
cell_01679,14440,1000,9.484355225514571,Neutrophils
cell_01680,11326,955,6.238818883237831,Neutrophils
cell_01681,19443,1065,8.941339151694716,Neutrophils
cell_01682,12161,1000,10.196942318179183,Neutrophils
cell_01683,18882,1072,8.172649700372308,Neutrophils
cell_01684,11344,972,9.276087467879638,Neutrophils
cell_01685,11997,1008,7.093320993315716,Neutrophils
cell_01686,18729,1072,7.024592103426436,Neutrophils
cell_01687,13289,1012,11.597860869009018,Neutrophils
cell_01688,17095,1056,7.217200202752784,Neutrophils
cell_01689,18958,1085,4.452957935284428,Neutrophils
cell_01690,15767,1044,7.159660514802541,Neutrophils
cell_01691,19182,1064,55.644243247688976,Neutrophils
cell_01692,10683,954,11.778033649070808,Neutrophils
cell_01693,9728,966,29.94255138267514,Neutrophils
cell_01694,16381,1027,9.457711988983236,Neutrophils
cell_01695,20801,1061,6.719975234532888,Neutrophils
cell_01696,19060,1095,8.280380365683774,Neutrophils
cell_01697,12675,990,12.024988512884812,Neutrophils
cell_01698,16137,1035,9.455951147530325,Neutrophils
cell_01699,12723,989,11.779526425992861,Neutrophils
cell_01700,14956,1046,8.728756839594174,Neutrophils
cell_01701,10210,940,10.810836076189705,Neutrophils
cell_01702,12311,1027,59.93243191219359,Neutrophils
cell_01703,17984,1059,7.182747783209925,Neutrophils
cell_01704,10173,966,15.664310390744818,Neutrophils
cell_01705,18067,1066,6.792884050658989,Neutrophils
cell_01706,12289,1007,6.554747208373877,Neutrophils
cell_01707,15856,1034,10.25572671054702,Neutrophils
cell_01708,12570,994,9.626613141871989,Neutrophils
cell_01709,14318,1029,6.062668944503927,Neutrophils
cell_01710,9503,936,7.894941632579125,Neutrophils
cell_01711,15914,1053,10.460021702542207,Neutrophils
cell_01712,19465,1071,9.748945320679693,Neutrophils
cell_01713,14644,1022,10.389594312616628,Neutrophils
cell_01714,11991,1000,9.478997817958398,Neutrophils
cell_01715,14633,1015,14.197710268320652,Neutrophils
cell_01716,10094,947,5.266744100244733,Neutrophils
cell_01717,8826,957,7.407282001969836,Neutrophils
cell_01718,18474,1078,9.453086185340267,Neutrophils
cell_01719,11060,956,9.776223102496884,Neutrophils
cell_01720,8602,905,11.32242081501564,Neutrophils
cell_01721,11745,1000,54.37674445224794,Neutrophils
cell_01722,12548,1015,12.523703031017858,Neutrophils
cell_01723,11041,967,9.52299578247002,Neutrophils
cell_01724,11799,985,5.219420088959489,Neutrophils
cell_01725,13568,1022,7.252893209287417,Neutrophils
cell_01726,13035,1003,9.077204447479673,Neutrophils
cell_01727,13486,1013,9.067944261164262,Neutrophils
cell_01728,11421,983,12.053746339578444,Neutrophils
cell_01729,18488,1068,11.637303623819093,Neutrophils
cell_01730,14601,1022,9.594281554486463,Neutrophils
cell_01731,18339,1075,7.909736328024969,Neutrophils
cell_01732,13119,1001,5.906476462466967,Neutrophils
cell_01733,9111,929,7.118552545161661,Neutrophils
cell_01734,10460,953,35.140568919333454,Neutrophils
cell_01735,8913,904,7.856091902702072,Neutrophils
cell_01736,19795,1065,8.305367899897542,Neutrophils
cell_01737,17979,1079,6.6597907084429755,Neutrophils
cell_01738,11274,972,9.532562595456074,Neutrophils
cell_01739,15538,1044,5.7562736328504265,Neutrophils
cell_01740,16594,1085,6.791381746585046,Neutrophils
cell_01741,18040,1067,54.541912280183325,Neutrophils
cell_01742,14452,1015,6.764828449722955,Neutrophils
cell_01743,15702,1043,5.902014828647325,Neutrophils
cell_01744,15801,1033,13.84992365302342,Neutrophils
cell_01745,15245,1046,9.693637799017765,Neutrophils
cell_01746,17399,1060,7.540817603264141,Neutrophils
cell_01747,15907,1040,44.75784176416377,Neutrophils
cell_01748,15075,1060,11.619458122157955,Neutrophils
cell_01749,18893,1094,8.939390612722017,Neutrophils
cell_01750,14557,1018,10.879934312933054,Neutrophils
cell_01751,13417,1048,6.947622213754867,Neutrophils
cell_01752,10463,975,33.7274174190209,Neutrophils
cell_01753,14012,1027,11.36825267069484,Neutrophils
cell_01754,9856,954,33.68169643690351,Neutrophils
cell_01755,15281,1041,13.745469097519711,Neutrophils
cell_01756,10459,945,7.7787306277562696,Neutrophils
cell_01757,17715,1065,8.078882848649908,Neutrophils
cell_01758,10026,935,7.549046064662409,Neutrophils
cell_01759,15015,1031,8.162613293596943,Neutrophils
cell_01760,20401,1066,6.487778532038596,Neutrophils
cell_01761,17962,1068,9.372259788072165,Neutrophils
cell_01762,9338,942,21.777433769779332,Neutrophils
cell_01763,11540,979,7.871632759357902,Neutrophils
cell_01764,15219,1041,14.102563707489224,Neutrophils
cell_01765,10456,976,10.163525334405286,Neutrophils
cell_01766,12478,1014,4.942919397205614,Neutrophils
cell_01767,19324,1058,8.782091085034715,Neutrophils
cell_01768,12174,993,13.843954105487732,Neutrophils
cell_01769,11190,959,7.134222265797176,Neutrophils
cell_01770,19055,1090,5.401997809125898,Neutrophils
cell_01771,11689,991,13.668278602139203,Neutrophils
cell_01772,16235,1059,9.342297392579958,Neutrophils
cell_01773,16558,1057,10.321451218378401,Neutrophils
cell_01774,9824,948,29.858718800613026,Neutrophils
cell_01775,16776,1047,10.048615775927592,Neutrophils
cell_01776,15934,1018,7.872673778525733,Neutrophils
cell_01777,12906,987,4.58384543156573,Neutrophils
cell_01778,11918,975,11.253339164567809,Neutrophils
cell_01779,15783,1054,4.770862931976227,Neutrophils
cell_01780,11381,985,8.453973389041513,Neutrophils
cell_01781,10222,951,11.261523319489244,Neutrophils
cell_01782,10334,947,33.66494931106574,Neutrophils
cell_01783,12274,993,5.891012365826775,Neutrophils
cell_01784,15725,1029,12.100323349483961,Neutrophils
cell_01785,9988,955,12.155172594289011,Neutrophils
cell_01786,9185,942,11.735996240664798,Neutrophils
cell_01787,11467,1000,38.17897831872681,Neutrophils
cell_01788,16443,1054,11.106144950795919,Neutrophils
cell_01789,14443,995,10.419697214654684,Neutrophils
cell_01790,11817,1019,5.851023960079765,Neutrophils
cell_01791,17479,1068,9.11877401934748,Neutrophils
cell_01792,14846,1031,7.763914020598023,Neutrophils
cell_01793,14963,1035,9.949045336888867,Neutrophils
cell_01794,13163,1010,16.107212870431123,Neutrophils
cell_01795,9482,942,30.47510181873796,Neutrophils
cell_01796,9208,948,11.943853675839632,Neutrophils
cell_01797,18027,1055,36.64803472539142,Neutrophils
cell_01798,18879,1075,10.261012120004581,Neutrophils
cell_01799,14895,1030,10.665362715829879,Neutrophils
